,index,ID,Player,Team,Position,RkOv,Status,Opponent,FPts,FP/G,%D,ADP,Ros,G,VORP,VORPrk,Value
0,0,*061vq*,Erling Haaland,MCI,F,1,FA,@CHE Sun 11:30AM,534.0,18.41,100%,1.58,99%,29.005975013579576,303.3571428571429,1,0.5800000000000001
1,1,*04y92*,Bukayo Saka,ARS,M,2,FA,WOL Sat 10:00AM,490.5,15.82,100%,2.36,100%,31.005056890012643,248.57142857142858,2,0.3599999999999999
2,2,*05nt6*,Eberechi Eze,CRY,M,3,FA,@BRF Sun 9:00AM,478.0,15.93,100%,11.37,100%,30.006277463904585,236.07142857142858,3,8.37
3,3,*03aqp*,Mohamed Salah,LIV,F,4,FA,@IPS Sat 7:30AM,463.0,15.97,100%,4.73,100%,28.991859737006887,232.35714285714286,4,0.7300000000000004
4,4,*05ocl*,Ollie Watkins,AVL,F,5,FA,@WHU Sat 12:30PM,463.0,12.86,100%,8.08,100%,36.00311041990669,232.35714285714286,5,3.08
5,5,*05l8q*,Cole Palmer,CHE,M,6,FA,MCI Sun 11:30AM,460.0,15.33,100%,3.51,100%,30.00652315720809,218.07142857142858,6,-2.49
6,6,*05gcr*,Bruno Fernandes,MUN,M,7,FA,FUL Fri 3:00PM,447.5,13.98,100%,5.55,100%,32.010014306151646,205.57142857142858,7,-1.4500000000000002
7,7,*04abb*,Phil Foden,MCI,M,8,FA,@CHE Sun 11:30AM,423.5,14.6,100%,5.94,100%,29.006849315068493,181.57142857142858,8,-2.0599999999999996
8,8,*02oox*,Kevin De Bruyne,MCI,M,9,FA,@CHE Sun 11:30AM,418.5,17.44,100%,10.12,100%,23.99655963302752,176.57142857142858,9,1.1199999999999992
9,30,*03srg*,Trent Alexander-Arnold,LIV,D,31,FA,@IPS Sat 7:30AM,299.5,9.98,100%,14.17,100%,30.01002004008016,173.35714285714286,10,4.17
10,9,*03v9d*,Son Heung-Min,TOT,F,10,FA,@LEI Mon 3:00PM,403.0,13.43,100%,9.46,100%,30.007446016381238,172.35714285714286,11,-1.5399999999999991
11,43,*05n07*,Pedro Porro,TOT,D,44,FA,@LEI Mon 3:00PM,273.0,8.27,100%,34.04,100%,33.01088270858525,146.85714285714286,12,22.04
12,10,*04mdn*,Anthony Gordon,NEW,M,11,FA,SOU Sat 10:00AM,388.0,12.93,100%,15.99,100%,30.0077339520495,146.07142857142858,13,2.99
13,11,*05r9b*,Martin Odegaard,ARS,M,12,FA,WOL Sat 10:00AM,388.0,12.12,100%,8.97,100%,32.01320132013201,146.07142857142858,14,-5.029999999999999
14,13,*06mgd*,Abdul Fatawu,LEI,F,14,FA,TOT Mon 3:00PM,353.5,12.19,90%,91.47,90%,28.999179655455293,122.85714285714286,15,76.47
15,12,*06fv8*,Mohammed Kudus,WHU,M,13,FA,AVL Sat 12:30PM,362.5,11.69,100%,19.65,99%,31.009409751924725,120.57142857142858,16,3.6499999999999986
16,14,*05o6h*,Kai Havertz,ARS,F,15,FA,WOL Sat 10:00AM,345.0,12.32,100%,19.06,99%,28.003246753246753,114.35714285714286,17,2.0599999999999987
17,64,*03gu5*,Andrew Robertson,LIV,D,65,FA,@IPS Sat 7:30AM,235.5,8.12,100%,43.44,100%,29.002463054187196,109.35714285714286,18,25.439999999999998
18,15,*04qr9*,Morgan Gibbs-White,NOT,M,16,FA,BOU Sat 10:00AM,340.5,10.32,100%,27.21,100%,32.99418604651163,98.57142857142858,19,8.21
19,17,*06cm0*,Christopher Nkunku,CHE,F,18,FA,MCI Sun 11:30AM,328.0,14.26,100%,33.32,100%,23.00140252454418,97.35714285714286,20,13.32
20,18,*0646f*,Alexander Isak,NEW,F,19,FA,SOU Sat 10:00AM,327.5,12.13,100%,11.62,100%,26.99917559769167,96.85714285714286,21,-9.38
21,80,*0427d*,James Tarkowski,EVE,D,81,FA,BHA Sat 10:00AM,221.5,6.51,99%,57.38,98%,34.024577572964674,95.35714285714286,22,35.38
22,82,*06jgi*,Daniel Munoz,CRY,D,83,FA,@BRF Sun 9:00AM,219.5,6.86,100%,60.29,99%,31.997084548104954,93.35714285714286,23,37.29
23,16,*0414o*,James Maddison,TOT,M,17,FA,@LEI Mon 3:00PM,333.0,12.81,100%,17.07,100%,25.995316159250585,91.07142857142858,24,-6.93
24,87,*04qfz*,Diogo Dalot,MUN,D,88,FA,FUL Fri 3:00PM,214.5,6.5,100%,65.95,99%,33.0,88.35714285714286,25,40.95
25,19,*04p0d*,Dwight McNeil,EVE,M,20,FA,BHA Sat 10:00AM,327.5,10.56,100%,51.38,98%,31.013257575757574,85.57142857142858,26,25.380000000000003
26,94,*063y7*,Destiny Udogie,TOT,D,95,FA,@LEI Mon 3:00PM,209.5,6.76,97%,89.65,97%,30.99112426035503,83.35714285714286,27,62.650000000000006
27,25,*061x2*,Darwin Nunez,LIV,F,26,FA,@IPS Sat 7:30AM,310.5,14.11,100%,24.52,100%,22.005669737774628,79.85714285714286,28,-3.4800000000000004
28,20,*05ylj*,Bruno Guimaraes,NEW,M,21,FA,SOU Sat 10:00AM,321.5,9.74,100%,28.33,99%,33.0082135523614,79.57142857142858,29,-0.6700000000000017
29,21,*04agz*,Declan Rice,ARS,M,22,FA,WOL Sat 10:00AM,321.0,9.44,100%,28.46,100%,34.00423728813559,79.07142857142858,30,-1.5399999999999991
30,27,*067yv*,Cody Gakpo,LIV,F,27,FA,@IPS Sat 7:30AM,309.5,14.07,100%,46.79,99%,21.99715707178394,78.85714285714286,31,15.79
31,22,*06fup*,Jeremy Doku,MCI,M,23,FA,@CHE Sun 11:30AM,316.5,15.82,100%,30.79,100%,20.006321112515803,74.57142857142858,32,-1.2100000000000009
32,28,*05r8o*,Jean-Philippe Mateta,CRY,F,29,FA,@BRF Sun 9:00AM,303.0,10.82,100%,48.94,99%,28.003696857670977,72.35714285714286,33,15.939999999999998
33,29,*061vn*,Rodrigo Muniz,FUL,F,30,FA,@MUN Fri 3:00PM,302.5,11.2,97%,67.49,98%,27.008928571428573,71.85714285714286,34,33.489999999999995
34,23,*052h5*,Gabriel Martinelli,ARS,M,24,FA,WOL Sat 10:00AM,312.5,13.59,100%,40.43,100%,22.994849153789552,70.57142857142858,35,5.43
35,24,*046c5*,Jarrod Bowen,WHU,M,25,FA,AVL Sat 12:30PM,311.5,10.38,100%,21.27,100%,30.009633911368013,69.57142857142858,36,-14.73
36,31,*048xh*,Stephy Mavididi,LEI,F,32,FA,TOT Mon 3:00PM,299.0,10.31,87%,104.91,87%,29.000969932104752,68.35714285714286,37,67.91
37,26,*060wh*,Alejandro Garnacho,MUN,M,28,FA,FUL Fri 3:00PM,309.5,10.67,100%,39.11,100%,29.006560449859418,67.57142857142858,38,1.1099999999999994
38,33,*068y0*,Antoine Semenyo,BOU,F,34,FA,@NOT Sat 10:00AM,294.5,11.33,90%,97.68,90%,25.992939099735217,63.85714285714286,39,58.68000000000001
39,34,*045c8*,Gabriel Jesus,ARS,F,35,FA,WOL Sat 10:00AM,291.0,14.55,96%,68.61,98%,20.0,60.35714285714286,40,28.61
40,119,*04e1e*,Ben White,ARS,D,120,FA,WOL Sat 10:00AM,183.5,5.73,100%,38.4,100%,32.024432809773124,57.35714285714286,41,-2.6000000000000014
41,120,*03vlj*,Virgil van Dijk,LIV,D,121,FA,@IPS Sat 7:30AM,182.5,5.53,100%,44.11,100%,33.00180831826401,56.35714285714286,42,2.1099999999999994
42,121,*05nil*,Leif Davis,IPS,D,122,FA,LIV Sat 7:30AM,182.0,6.28,96%,85.69,95%,28.980891719745223,55.85714285714286,43,42.69
43,35,*05g2o*,Joao Pedro,BHA,F,36,FA,@EVE Sat 10:00AM,285.5,12.41,100%,54.15,99%,23.005640612409348,54.85714285714286,44,10.149999999999999
44,36,*05trb*,Bryan Mbeumo,BRF,F,37,FA,CRY Sun 9:00AM,284.0,10.92,100%,43.36,99%,26.007326007326007,53.35714285714286,45,-1.6400000000000006
45,32,*0524k*,Rodri,MCI,M,33,FA,@CHE Sun 11:30AM,295.0,9.52,100%,28.15,99%,30.987394957983195,53.071428571428584,46,-17.85
46,41,*04mi4*,Callum Hudson-Odoi,NOT,F,42,FA,BOU Sat 10:00AM,275.0,10.19,87%,106.12,91%,26.987242394504417,44.35714285714286,47,59.120000000000005
47,42,*05yld*,Luis Diaz,LIV,F,43,FA,@IPS Sat 7:30AM,274.5,13.07,100%,23.26,99%,21.00229533282326,43.85714285714286,48,-24.74
48,37,*03rxs*,Harry Wilson,FUL,M,38,FA,@MUN Fri 3:00PM,282.5,10.46,51%,128.12,54%,27.0076481835564,40.571428571428584,49,79.12
49,46,*067yz*,Matheus Cunha,WOL,F,47,FA,@ARS Sat 10:00AM,270.0,10.38,98%,61.72,97%,26.011560693641616,39.35714285714286,50,11.719999999999999
50,142,*05tr1*,Ethan Pinnock,BRF,D,142,FA,CRY Sun 9:00AM,165.0,5.32,96%,91.41,94%,31.01503759398496,38.85714285714286,51,40.41
51,38,*04fk6*,Bernardo Silva,MCI,M,39,FA,@CHE Sun 11:30AM,279.5,10.35,100%,42.69,99%,27.004830917874397,37.571428571428584,52,-9.310000000000002
52,39,*0522h*,Alexis Mac Allister,LIV,M,40,FA,@IPS Sat 7:30AM,279.0,9.62,100%,50.91,99%,29.002079002079004,37.071428571428584,53,-2.0900000000000034
53,40,*05uns*,Leon Bailey,AVL,M,41,FA,@WHU Sat 12:30PM,277.0,12.59,100%,49.19,99%,22.001588562351074,35.071428571428584,54,-4.810000000000002
54,148,*03rzp*,Antonee Robinson,FUL,D,149,FA,@MUN Fri 3:00PM,160.5,4.86,99%,71.91,98%,33.02469135802469,34.35714285714286,55,16.909999999999997
55,47,*03ar4*,Adam Armstrong,SOU,F,48,FA,@NEW Sat 10:00AM,264.5,8.82,73%,121.06,76%,29.988662131519273,33.85714285714286,56,65.06
56,115,*06dps*,Andre Onana,MUN,G,116,FA,FUL Fri 3:00PM,186.0,4.89,99%,93.12,99%,38.036809815950924,32.14285714285714,57,36.120000000000005
57,44,*068n8*,Noni Madueke,CHE,M,45,FA,MCI Sun 11:30AM,272.5,12.39,93%,95.59,94%,21.993543179983856,30.571428571428584,58,37.59
58,117,*05udg*,Jose Sa,WOL,G,118,FA,@ARS Sat 10:00AM,184.0,4.84,84%,121.76,84%,38.01652892561984,30.14285714285714,59,62.760000000000005
59,45,*0647t*,Lucas Paqueta,WHU,M,46,FA,AVL Sat 12:30PM,271.5,10.06,98%,66.11,98%,26.98807157057654,29.571428571428584,60,6.109999999999999
60,52,*037mo*,Willian,FUL,F,52,FA,@MUN Fri 3:00PM,258.0,9.56,19%,208.84,20%,26.98744769874477,27.35714285714286,61,147.84
61,125,*032f9*,Jordan Pickford,EVE,G,126,FA,BHA Sat 10:00AM,181.0,4.76,94%,110.03,97%,38.02521008403362,27.14285714285714,62,48.03
62,155,*05l27*,Jarrad Branthwaite,EVE,D,156,FA,BHA Sat 10:00AM,153.0,4.5,96%,95.46,96%,34.0,26.85714285714286,63,32.459999999999994
63,53,*049tq*,Dominic Calvert-Lewin,EVE,F,54,FA,BHA Sat 10:00AM,257.0,9.52,87%,104.53,90%,26.995798319327733,26.35714285714286,64,40.53
64,55,*03v6w*,Ivan Toney,BRF,F,56,FA,CRY Sun 9:00AM,256.0,11.64,100%,25.83,100%,21.993127147766323,25.35714285714286,65,-39.17
65,56,*05ogb*,Anthony Elanga,NOT,F,57,FA,BOU Sat 10:00AM,254.5,9.09,73%,128.62,73%,27.997799779978,23.85714285714286,66,62.620000000000005
66,163,*05os4*,Rayan Ait-Nouri,WOL,D,164,FA,@ARS Sat 10:00AM,147.5,5.09,79%,119.9,80%,28.978388998035363,21.35714285714286,67,52.900000000000006
67,164,*06ex4*,Josko Gvardiol,MCI,D,165,FA,@CHE Sun 11:30AM,147.0,5.65,100%,39.55,99%,26.017699115044245,20.85714285714286,68,-28.450000000000003
68,48,*05ylx*,Dejan Kulusevski,TOT,M,49,FA,@LEI Mon 3:00PM,261.5,11.37,100%,52.38,99%,22.999120492524188,19.571428571428584,69,-16.619999999999997
69,49,*02oq8*,James Ward-Prowse,WHU,M,50,FA,AVL Sat 12:30PM,260.0,9.63,100%,37.73,99%,26.998961578400827,18.071428571428584,70,-32.27
70,132,*06clu*,Mark Flekken,BRF,G,133,FA,CRY Sun 9:00AM,171.0,4.5,45%,148.53,51%,38.0,17.14285714285714,71,77.53
71,174,*051k7*,Reece James,CHE,D,175,FA,MCI Sun 11:30AM,143.0,7.15,99%,63.63,97%,20.0,16.85714285714286,72,-8.369999999999997
72,175,*05s08*,Valentino Livramento,NEW,D,176,FA,SOU Sat 10:00AM,143.0,6.5,46%,137.82,51%,22.0,16.85714285714286,73,64.82
73,50,*0520r*,Leandro Trossard,ARS,M,51,FA,WOL Sat 10:00AM,258.5,12.93,99%,76.58,98%,19.992266047950505,16.571428571428584,74,2.5799999999999983
74,51,*051k0*,John McGinn,AVL,M,53,FA,@WHU Sat 12:30PM,258.0,8.32,99%,75.67,97%,31.009615384615383,16.071428571428584,75,0.6700000000000017
75,135,*06mga*,Mads Hermansen,LEI,G,136,FA,TOT Mon 3:00PM,169.0,4.45,20%,201.73,23%,37.97752808988764,15.142857142857139,76,125.72999999999999
76,136,*04qor*,Bernd Leno,FUL,G,137,FA,@MUN Fri 3:00PM,169.0,4.45,54%,145.68,59%,37.97752808988764,15.142857142857139,77,68.68
77,177,*052cb*,Ian Maatsen,AVL,D,178,FA,@WHU Sat 12:30PM,141.0,5.88,100%,82.76,98%,23.979591836734695,14.857142857142861,78,4.760000000000005
78,179,*02lsa*,Dan Burn,NEW,D,180,FA,SOU Sat 10:00AM,140.5,4.84,88%,116.59,87%,29.028925619834713,14.357142857142861,79,37.59
79,54,*05r34*,Amad Diallo,MUN,M,55,FA,FUL Fri 3:00PM,256.0,12.8,82%,112.99,84%,20.0,14.071428571428584,80,32.989999999999995
80,184,*05a6e*,Neco Williams,NOT,D,185,FA,BOU Sat 10:00AM,138.0,5.11,23%,166.37,25%,27.00587084148728,11.857142857142861,81,85.37
81,62,*061ya*,Brennan Johnson,TOT,F,63,FA,@LEI Mon 3:00PM,242.0,11.0,97%,75.78,97%,22.0,11.357142857142861,82,-6.219999999999999
82,63,*03sbh*,Enes Unal,BOU,F,64,FA,@NOT Sat 10:00AM,239.0,10.86,2%,393.97,6%,22.007366482504604,8.357142857142861,83,310.97
83,186,*02oq6*,Luke Shaw,MUN,D,187,FA,FUL Fri 3:00PM,134.0,5.58,97%,90.24,95%,24.014336917562723,7.857142857142861,84,6.239999999999995
84,57,*04spw*,James Garner,EVE,M,58,FA,BHA Sat 10:00AM,249.5,8.6,34%,145.13,39%,29.011627906976745,7.571428571428584,85,60.129999999999995
85,58,*03jly*,Andreas Pereira,FUL,M,59,FA,@MUN Fri 3:00PM,249.0,8.59,96%,83.08,95%,28.9871944121071,7.071428571428584,86,-2.9200000000000017
86,187,*05nzu*,Gabriel Magalhaes,ARS,D,188,FA,WOL Sat 10:00AM,133.0,4.03,99%,63.04,99%,33.002481389578165,6.857142857142861,87,-23.96
87,188,*05os8*,Joachim Andersen,CRY,D,189,FA,@BRF Sun 9:00AM,132.5,3.68,97%,92.71,96%,36.005434782608695,6.357142857142861,88,4.709999999999994
88,190,*04tig*,Fabian Schar,NEW,D,191,FA,SOU Sat 10:00AM,131.5,4.11,99%,86.06,98%,31.995133819951334,5.357142857142861,89,-2.9399999999999977
89,59,*03yu2*,Abdoulaye Doucoure,EVE,M,60,FA,BHA Sat 10:00AM,247.0,8.82,72%,127.45,73%,28.00453514739229,5.071428571428584,90,37.45
90,61,*062ci*,Kaoru Mitoma,BHA,M,62,FA,@EVE Sat 10:00AM,245.5,10.67,100%,44.06,99%,23.008434864104967,3.5714285714285836,91,-46.94
91,60,*061ve*,Ryan Christie,BOU,M,61,FA,@NOT Sat 10:00AM,245.5,9.09,83%,112.23,82%,27.007700770077008,3.5714285714285836,92,20.230000000000004
92,69,*03fgo*,Dominic Solanke,TOT,F,70,FA,@LEI Mon 3:00PM,234.0,10.64,100%,22.79,100%,21.992481203007518,3.357142857142861,93,-70.21000000000001
93,192,*05uhj*,Conor Bradley,LIV,D,193,FA,@IPS Sat 7:30AM,129.0,9.92,81%,115.16,81%,13.004032258064516,2.857142857142861,94,21.159999999999997
94,152,*044ei*,Nick Pope,NEW,G,153,FA,SOU Sat 10:00AM,156.0,4.11,88%,124.77,91%,37.95620437956204,2.142857142857139,95,29.769999999999996
95,196,*03gu4*,Harry Maguire,MUN,D,197,FA,FUL Fri 3:00PM,127.5,4.72,38%,144.74,45%,27.012711864406782,1.3571428571428612,96,48.74000000000001
96,153,*04sjt*,Alisson,LIV,G,154,FA,@IPS Sat 7:30AM,155.0,4.08,99%,91.61,99%,37.990196078431374,1.1428571428571388,97,-5.390000000000001
97,70,*06mn8*,Rodrigo Gomes,WOL,F,71,FA,@ARS Sat 10:00AM,231.5,11.57,9%,308.23,16%,20.008643042350908,0.8571428571428612,98,210.23000000000002
98,71,*04qr8*,Diogo Jota,LIV,F,73,FA,@IPS Sat 7:30AM,230.5,14.41,100%,54.83,99%,15.995836224843858,-0.1428571428571388,99,-44.17
99,199,*05o4c*,Timothy Castagne,FUL,D,200,FA,@MUN Fri 3:00PM,125.5,3.8,50%,140.61,52%,33.026315789473685,-0.6428571428571388,100,40.610000000000014
100,207,*063e7*,Marcos Senesi,BOU,D,207,FA,@NOT Sat 10:00AM,124.0,3.76,73%,125.6,74%,32.97872340425532,-2.142857142857139,101,24.599999999999994
101,204,*05opk*,Vladimir Coufal,WHU,D,205,FA,AVL Sat 12:30PM,124.0,4.0,35%,146.04,36%,31.0,-2.142857142857139,102,44.03999999999999
102,208,*03dx3*,Kieran Trippier,NEW,D,209,FA,SOU Sat 10:00AM,123.5,9.5,100%,33.63,99%,13.0,-2.642857142857139,103,-69.37
103,210,*05u7f*,Ibrahima Konate,LIV,D,211,FA,@IPS Sat 7:30AM,121.5,5.52,78%,121.9,76%,22.010869565217394,-4.642857142857139,104,17.900000000000006
104,65,*06jgs*,Adam Wharton,CRY,M,66,FA,@BRF Sun 9:00AM,235.5,7.85,92%,97.53,90%,30.0,-6.428571428571416,105,-7.469999999999999
105,66,*05uhw*,Samuel Edozie,SOU,M,67,FA,@NEW Sat 10:00AM,235.0,10.68,12%,284.13,13%,22.00374531835206,-6.928571428571416,106,178.13
106,67,*043qy*,Lewis Cook,BOU,M,68,FA,@NOT Sat 10:00AM,234.5,7.56,42%,144.34,45%,31.01851851851852,-7.428571428571416,107,37.34
107,77,*06cm1*,Nicolas Jackson,CHE,F,78,FA,MCI Sun 11:30AM,223.0,11.15,97%,65.5,97%,20.0,-7.642857142857139,108,-42.5
108,215,*04qfy*,Ricardo Pereira,LEI,D,216,FA,TOT Mon 3:00PM,118.5,4.09,60%,130.51,63%,28.973105134474327,-7.642857142857139,109,21.50999999999999
109,168,*02lz0*,Emiliano Martinez,AVL,G,169,FA,@WHU Sat 12:30PM,146.0,3.84,90%,114.46,92%,38.020833333333336,-7.857142857142861,110,4.459999999999994
110,166,*05oef*,Alphonse Areola,WHU,G,167,FA,AVL Sat 12:30PM,146.0,3.84,60%,140.64,61%,38.020833333333336,-7.857142857142861,111,29.639999999999986
111,68,*038ze*,Alex Iwobi,FUL,M,69,FA,@MUN Fri 3:00PM,234.0,7.55,86%,103.57,87%,30.99337748344371,-7.928571428571416,112,-8.430000000000007
112,216,*0558w*,William Saliba,ARS,D,217,FA,WOL Sat 10:00AM,117.5,3.46,100%,53.67,99%,33.959537572254334,-8.642857142857139,113,-59.33
113,217,*05uoc*,Cristian Romero,TOT,D,218,FA,@LEI Mon 3:00PM,117.0,3.77,97%,82.51,97%,31.03448275862069,-9.142857142857139,114,-31.489999999999995
114,176,*04gw6*,Arijanet Muric,IPS,G,177,FA,LIV Sat 7:30AM,143.0,3.76,29%,153.87,35%,38.03191489361702,-10.857142857142861,115,38.870000000000005
115,72,*0554t*,William Smallbone,SOU,M,72,FA,@NEW Sat 10:00AM,230.5,7.44,32%,151.97,30%,30.981182795698924,-11.428571428571416,116,35.97
116,178,*06cmb*,Guglielmo Vicario,TOT,G,179,FA,@LEI Mon 3:00PM,141.0,3.71,77%,126.94,81%,38.00539083557952,-12.857142857142861,117,9.939999999999998
117,86,*062h9*,Luis Sinisterra,BOU,F,87,FA,@NOT Sat 10:00AM,216.5,12.74,18%,222.08,20%,16.993720565149136,-14.142857142857139,118,104.08000000000001
118,73,*0554i*,Joelinton,NEW,M,74,FA,SOU Sat 10:00AM,227.0,9.46,81%,107.43,84%,23.995771670190273,-14.928571428571416,119,-11.569999999999993
119,183,*063e3*,Neto,BOU,G,184,FA,@NOT Sat 10:00AM,138.0,3.63,20%,214.01,27%,38.01652892561984,-15.857142857142861,120,94.00999999999999
120,74,*04spq*,Jack Harrison,EVE,M,75,FA,BHA Sat 10:00AM,226.0,9.42,38%,135.95,39%,23.991507430997878,-15.928571428571416,121,14.949999999999989
121,75,*06cmm*,Dominik Szoboszlai,LIV,M,76,FA,@IPS Sat 7:30AM,225.5,11.87,100%,52.96,100%,18.997472620050548,-16.428571428571416,122,-69.03999999999999
122,76,*05ubv*,Omari Hutchinson,IPS,M,77,FA,LIV Sat 7:30AM,225.0,9.38,85%,111.74,87%,23.987206823027716,-16.928571428571416,123,-11.260000000000005
123,230,*06clz*,Malo Gusto,CHE,D,231,FA,MCI Sun 11:30AM,109.0,4.95,93%,106.41,93%,22.02020202020202,-17.14285714285714,124,-17.590000000000003
124,91,*04rzl*,Taiwo Awoniyi,NOT,F,92,FA,BOU Sat 10:00AM,212.0,10.6,38%,145.78,39%,20.0,-18.64285714285714,125,20.78
125,78,*06clt*,Justin Kluivert,BOU,M,79,FA,@NOT Sat 10:00AM,223.0,10.14,41%,151.06,41%,21.992110453648912,-18.928571428571416,126,25.060000000000002
126,232,*03frx*,Ola Aina,NOT,D,233,FA,BOU Sat 10:00AM,106.5,3.8,4%,376.57,6%,28.026315789473685,-19.64285714285714,127,249.57
127,79,*0639x*,Marcus Tavernier,BOU,M,80,FA,@NOT Sat 10:00AM,222.0,10.09,85%,101.75,86%,22.001982160555006,-19.928571428571416,128,-26.25
128,81,*05uht*,Morgan Rogers,AVL,M,82,FA,@WHU Sat 12:30PM,220.0,12.22,82%,104.48,86%,18.003273322422256,-21.928571428571416,129,-24.519999999999996
129,236,*05w9i*,Marc Cucurella,CHE,D,237,FA,MCI Sun 11:30AM,104.0,4.33,92%,108.66,91%,24.018475750577366,-22.14285714285714,130,-21.340000000000003
130,237,*05akv*,Tyrick Mitchell,CRY,D,238,FA,@BRF Sun 9:00AM,103.5,3.04,79%,123.53,80%,34.046052631578945,-22.64285714285714,131,-7.469999999999999
131,83,*02lm7*,Jack Grealish,MCI,M,84,FA,@CHE Sun 11:30AM,218.5,12.14,96%,86.95,96%,17.99835255354201,-23.428571428571416,132,-45.05
132,238,*05u1m*,Nathan Collins,BRF,D,239,FA,CRY Sun 9:00AM,102.5,3.94,4%,365.63,6%,26.01522842639594,-23.64285714285714,133,232.63
133,84,*04e1k*,Solly March,BHA,M,85,FA,@EVE Sat 10:00AM,218.0,11.47,94%,82.47,92%,19.006102877070617,-23.928571428571416,134,-51.53
134,240,*063zg*,Pervis Estupinan,BHA,D,241,FA,@EVE Sat 10:00AM,102.0,5.67,81%,115.72,83%,17.98941798941799,-24.14285714285714,135,-19.28
135,96,*06exb*,Rasmus Hojlund,MUN,F,97,FA,FUL Fri 3:00PM,206.0,9.36,97%,74.33,96%,22.00854700854701,-24.64285714285714,136,-61.67
136,193,*06nv3*,Filip Jørgensen,CHE,G,194,FA,MCI Sun 11:30AM,129.0,4.3,9%,323.9,12%,30.0,-24.85714285714286,137,186.89999999999998
137,85,*05tr8*,Christian Norgaard,BRF,M,86,FA,CRY Sun 9:00AM,217.0,7.75,17%,236.18,19%,28.0,-24.928571428571416,138,98.18
138,241,*05yg5*,Toti,WOL,D,242,FA,@ARS Sat 10:00AM,101.0,3.06,4%,370.72,5%,33.006535947712415,-25.14285714285714,139,231.72000000000003
139,245,*05omu*,Ruben Dias,MCI,D,246,FA,@CHE Sun 11:30AM,99.5,3.43,88%,98.87,90%,29.00874635568513,-26.64285714285714,140,-41.129999999999995
140,88,*0666p*,Kobbie Mainoo,MUN,M,89,FA,FUL Fri 3:00PM,214.5,7.94,99%,75.39,98%,27.015113350125944,-27.428571428571416,141,-65.61
141,97,*02m5b*,Chris Wood,NOT,F,98,FA,BOU Sat 10:00AM,203.0,9.23,49%,134.0,56%,21.99349945828819,-27.64285714285714,142,-8.0
142,247,*02m11*,Matt Doherty,WOL,D,248,FA,@ARS Sat 10:00AM,98.0,7.54,8%,323.84,5%,12.9973474801061,-28.14285714285714,143,180.83999999999997
143,251,*05oh0*,Jan-Paul van Hecke,BHA,D,252,FA,@EVE Sat 10:00AM,97.5,3.36,4%,351.07,9%,29.017857142857142,-28.64285714285714,144,207.07
144,249,*0635j*,Chris Richards,CRY,D,250,FA,@BRF Sun 9:00AM,97.5,4.43,11%,300.89,15%,22.00902934537246,-28.64285714285714,145,155.89
145,89,*05tre*,Vitaly Janelt,BRF,M,90,FA,CRY Sun 9:00AM,213.0,7.1,13%,267.41,14%,30.0,-28.928571428571416,146,121.41000000000003
146,98,*06mg7*,Conor Chaplin,IPS,F,99,FA,LIV Sat 7:30AM,201.5,7.46,34%,145.62,33%,27.010723860589813,-29.14285714285714,147,-1.3799999999999955
147,90,*0626q*,Simon Adingra,BHA,M,91,FA,@EVE Sat 10:00AM,212.5,10.62,90%,96.43,90%,20.009416195856875,-29.428571428571416,148,-51.56999999999999
148,92,*06mnc*,Daichi Kamada,CRY,M,93,FA,@BRF Sun 9:00AM,211.5,8.81,80%,111.61,84%,24.006810442678773,-30.428571428571416,149,-37.39
149,253,*06ezb*,Micky van de Ven,TOT,D,254,FA,@LEI Mon 3:00PM,95.5,2.89,77%,108.77,82%,33.04498269896194,-30.64285714285714,150,-41.230000000000004
150,93,*02lpf*,Ross Barkley,AVL,M,94,FA,@WHU Sat 12:30PM,211.0,11.72,94%,89.56,91%,18.003412969283275,-30.928571428571416,151,-61.44
151,256,*05y9n*,Lewis Hall,NEW,D,257,FA,SOU Sat 10:00AM,94.0,5.22,55%,130.26,62%,18.007662835249043,-32.14285714285714,152,-21.74000000000001
152,257,*062pl*,Lisandro Martinez,MUN,D,258,FA,FUL Fri 3:00PM,94.0,3.48,59%,124.72,66%,27.011494252873565,-32.14285714285714,153,-28.28
153,258,*02y6o*,Nathan Ake,MCI,D,259,FA,@CHE Sun 11:30AM,93.5,4.67,61%,128.43,65%,20.021413276231264,-32.64285714285714,154,-25.569999999999993
154,259,*05ybq*,Vitalii Mykolenko,EVE,D,260,FA,BHA Sat 10:00AM,93.5,3.46,54%,139.49,59%,27.023121387283236,-32.64285714285714,155,-15.509999999999991
155,95,*04io3*,Mario Lemina,WOL,M,96,FA,@ARS Sat 10:00AM,209.0,6.74,17%,245.81,17%,31.008902077151333,-32.928571428571416,156,89.81
156,101,*03ybi*,Marcus Rashford,MUN,F,102,FA,FUL Fri 3:00PM,197.5,10.97,99%,67.83,99%,18.003646308113034,-33.14285714285714,157,-89.17
157,100,*06o2t*,Niclas Füllkrug,WHU,F,101,FA,AVL Sat 12:30PM,197.5,8.98,63%,80.99,62%,21.993318485523385,-33.14285714285714,158,-77.01
158,261,*02lp9*,Kyle Walker,MCI,D,262,FA,@CHE Sun 11:30AM,92.5,3.43,96%,81.98,95%,26.967930029154516,-33.64285714285714,159,-77.02
159,102,*05m47*,George Hirst,IPS,F,103,FA,LIV Sat 7:30AM,196.5,6.55,1%,1146.91,4%,30.0,-34.14285714285714,160,986.9100000000001
160,263,*05tqz*,Rico Henry,BRF,D,264,FA,CRY Sun 9:00AM,91.5,3.39,25%,148.75,31%,26.991150442477874,-34.64285714285714,161,-12.25
161,264,*0521z*,James Justin,LEI,D,265,FA,TOT Mon 3:00PM,91.5,3.05,20%,205.91,29%,30.0,-34.64285714285714,162,43.91
162,103,*06mow*,Jorgen Strand Larsen,WOL,F,104,FA,@ARS Sat 10:00AM,195.5,8.89,8%,326.44,11%,21.99100112485939,-35.14285714285714,163,163.44
163,106,*06mve*,Joshua Zirkzee,MUN,F,107,FA,FUL Fri 3:00PM,195.0,9.75,87%,104.88,90%,20.0,-35.64285714285714,164,-59.120000000000005
164,107,*05748*,Ismaila Sarr,CRY,F,108,FA,@BRF Sun 9:00AM,194.0,12.12,54%,117.23,56%,16.006600660066006,-36.64285714285714,165,-47.769999999999996
165,266,*04ml6*,Konstantinos Mavropanos,WHU,D,267,FA,AVL Sat 12:30PM,89.5,4.26,0%,1149.6,1%,21.009389671361504,-36.64285714285714,166,983.5999999999999
166,268,*04mqv*,Emerson,WHU,D,269,FA,AVL Sat 12:30PM,89.0,3.3,19%,212.5,24%,26.969696969696972,-37.14285714285714,167,45.5
167,267,*03yeg*,Tosin Adarabioyo,CHE,D,268,FA,MCI Sun 11:30AM,89.0,4.05,21%,198.23,26%,21.97530864197531,-37.14285714285714,168,30.22999999999999
168,270,*062p5*,Levi Colwill,CHE,D,271,FA,MCI Sun 11:30AM,88.0,4.4,31%,149.51,35%,20.0,-38.14285714285714,169,-19.49000000000001
169,109,*04io4*,Richarlison,TOT,F,110,FA,@LEI Mon 3:00PM,191.5,11.97,65%,131.09,70%,15.998329156223893,-39.14285714285714,170,-38.91
170,222,*06fuw*,Djordje Petrovic,CHE,G,223,FA,MCI Sun 11:30AM,113.0,4.71,7%,344.58,8%,23.991507430997878,-40.85714285714286,171,173.57999999999998
171,274,*06j20*,Valentin Barco,BHA,D,275,FA,@EVE Sat 10:00AM,85.0,4.72,52%,131.27,60%,18.008474576271187,-41.14285714285714,172,-40.72999999999999
172,111,*06mg6*,Wes Burns,IPS,F,112,FA,LIV Sat 7:30AM,189.0,7.88,2%,1097.48,2%,23.98477157360406,-41.64285714285714,173,924.48
173,225,*03yww*,Dean Henderson,CRY,G,226,FA,@BRF Sun 9:00AM,112.0,3.29,16%,249.66,22%,34.04255319148936,-41.85714285714286,174,75.66
174,113,*05w91*,Hwang Hee-Chan,WOL,F,114,FA,@ARS Sat 10:00AM,188.5,8.57,76%,123.29,78%,21.995332555425904,-42.14285714285714,175,-51.709999999999994
175,99,*04yo7*,Youri Tielemans,AVL,M,100,FA,@WHU Sat 12:30PM,199.5,9.07,42%,141.73,45%,21.995589856670342,-42.428571428571416,176,-34.27000000000001
176,279,*05ojg*,Nelson Semedo,WOL,D,280,FA,@ARS Sat 10:00AM,83.5,2.69,7%,334.45,10%,31.04089219330855,-42.64285714285714,177,157.45
177,114,*06igk*,Ben Brereton,SOU,F,115,FA,@NEW Sat 10:00AM,188.0,9.4,23%,164.78,26%,20.0,-42.64285714285714,178,-13.219999999999999
178,280,*06mfz*,Cameron Burgess,IPS,D,281,FA,LIV Sat 7:30AM,83.0,3.07,1%,1135.07,1%,27.03583061889251,-43.14285714285714,179,956.0699999999999
179,281,*04e1c*,Lewis Dunk,BHA,D,282,FA,@EVE Sat 10:00AM,83.0,2.52,32%,137.21,42%,32.93650793650794,-43.14285714285714,180,-42.78999999999999
180,282,*03r93*,Joseph Gomez,LIV,D,283,FA,@IPS Sat 7:30AM,82.5,5.16,6%,343.43,6%,15.988372093023255,-43.64285714285714,181,162.43
181,283,*050jq*,Marc Guehi,CRY,D,284,FA,@BRF Sun 9:00AM,82.0,2.65,66%,121.77,72%,30.943396226415096,-44.14285714285714,182,-60.230000000000004
182,284,*03dx7*,Ben Mee,BRF,D,285,FA,CRY Sun 9:00AM,81.5,4.29,10%,307.41,12%,18.997668997669,-44.64285714285714,183,124.41000000000003
183,116,*05uor*,Yoane Wissa,BRF,F,117,FA,CRY Sun 9:00AM,185.0,10.28,78%,118.72,82%,17.996108949416342,-45.64285714285714,184,-65.28
184,104,*06fxv*,Jean-Ricner Bellegarde,WOL,M,105,FA,@ARS Sat 10:00AM,195.0,8.86,1%,1168.07,1%,22.00902934537246,-46.928571428571416,185,983.0699999999999
185,105,*03rxa*,Idrissa Gueye,EVE,M,106,FA,BHA Sat 10:00AM,195.0,6.96,6%,354.08,10%,28.017241379310345,-46.928571428571416,186,168.07999999999998
186,287,*05yct*,Nathan Patterson,EVE,D,288,FA,BHA Sat 10:00AM,79.0,3.29,0%,1140.6,1%,24.012158054711247,-47.14285714285714,187,953.5999999999999
187,235,*04fk5*,Ederson,MCI,G,236,FA,@CHE Sun 11:30AM,106.0,2.79,64%,114.79,72%,37.992831541218635,-47.85714285714286,188,-73.21
188,108,*05rb8*,Moises Caicedo,CHE,M,109,FA,MCI Sun 11:30AM,193.5,6.67,47%,136.66,51%,29.01049475262369,-48.428571428571416,189,-52.34
189,288,*05o4b*,Matty Cash,AVL,D,289,FA,@WHU Sat 12:30PM,77.5,4.31,19%,209.32,21%,17.98143851508121,-48.64285714285714,190,19.319999999999993
190,289,*05w9r*,Takehiro Tomiyasu,ARS,D,290,FA,WOL Sat 10:00AM,76.5,6.95,4%,359.88,5%,11.007194244604316,-49.64285714285714,191,168.88
191,292,*06msc*,Jacob Greaves,IPS,D,293,FA,LIV Sat 7:30AM,75.5,3.43,3%,368.51,3%,22.011661807580175,-50.64285714285714,192,176.51
192,291,*0649j*,Manuel Akanji,MCI,D,292,FA,@CHE Sun 11:30AM,75.5,3.28,76%,111.2,79%,23.01829268292683,-50.64285714285714,193,-81.8
193,110,*05tr9*,Mathias Jensen,BRF,M,111,FA,CRY Sun 9:00AM,190.0,8.64,50%,136.16,55%,21.99074074074074,-51.928571428571416,194,-57.84
194,295,*062x7*,Rico Lewis,MCI,D,296,FA,@CHE Sun 11:30AM,73.5,6.68,18%,225.99,19%,11.002994011976048,-52.64285714285714,195,30.99000000000001
195,296,*02yl5*,John Stones,MCI,D,297,FA,@CHE Sun 11:30AM,73.5,3.34,55%,126.88,57%,22.005988023952096,-52.64285714285714,196,-69.12
196,112,*05y55*,Kasey McAteer,LEI,M,113,FA,TOT Mon 3:00PM,189.0,9.45,4%,376.63,2%,20.0,-52.928571428571416,197,179.63
197,297,*04qr0*,Willy Boly,NOT,D,298,FA,BOU Sat 10:00AM,72.5,4.53,55%,131.64,56%,16.004415011037526,-53.64285714285714,198,-66.36000000000001
198,298,*06ew2*,Axel Disasi,CHE,D,299,FA,MCI Sun 11:30AM,72.5,3.82,3%,358.61,4%,18.979057591623036,-53.64285714285714,199,159.61
199,299,*04yey*,Max Kilman,WHU,D,300,FA,AVL Sat 12:30PM,72.5,2.2,44%,138.02,48%,32.95454545454545,-53.64285714285714,200,-61.97999999999999
200,301,*05mxa*,Joel Veltman,BHA,D,302,FA,@EVE Sat 10:00AM,71.5,3.25,1%,1125.38,2%,22.0,-54.64285714285714,201,924.3800000000001
201,302,*03zsq*,Kyle Walker-Peters,SOU,D,303,FA,@NEW Sat 10:00AM,71.0,2.15,23%,176.0,23%,33.02325581395349,-55.14285714285714,202,-26.0
202,248,*05tqx*,David Raya,ARS,G,249,FA,WOL Sat 10:00AM,98.0,2.58,95%,98.4,96%,37.984496124031004,-55.85714285714286,203,-104.6
203,304,*04s60*,Jannik Vestergaard,LEI,D,305,FA,TOT Mon 3:00PM,70.0,2.26,2%,1080.67,3%,30.973451327433633,-56.14285714285714,204,876.6700000000001
204,303,*062ts*,Djed Spence,TOT,D,304,FA,@LEI Mon 3:00PM,70.0,6.36,2%,368.5,2%,11.0062893081761,-56.14285714285714,205,163.5
205,306,*06fwz*,Murillo,NOT,D,307,FA,BOU Sat 10:00AM,69.5,2.11,9%,301.99,11%,32.93838862559242,-56.64285714285714,206,95.99000000000001
206,118,*04aiz*,Wilfred Ndidi,LEI,M,119,FA,TOT Mon 3:00PM,184.0,6.81,6%,356.45,9%,27.019089574155654,-57.928571428571416,207,149.45
207,308,*05y7i*,Jarell Quansah,LIV,D,309,FA,@IPS Sat 7:30AM,67.0,6.09,33%,143.31,41%,11.001642036124794,-59.14285714285714,208,-64.69
208,311,*06mw0*,Nikola Milenkovic,NOT,D,312,FA,BOU Sat 10:00AM,66.5,2.46,4%,371.08,4%,27.03252032520325,-59.64285714285714,209,162.07999999999998
209,310,*05a6d*,Tariq Lamptey,BHA,D,311,FA,@EVE Sat 10:00AM,66.5,3.69,5%,370.65,5%,18.021680216802167,-59.64285714285714,210,160.64999999999998
210,122,*068lx*,Dango Ouattara,BOU,M,123,FA,@NOT Sat 10:00AM,182.0,11.38,13%,273.91,16%,15.992970123022847,-59.928571428571416,211,62.910000000000025
211,123,*05gcc*,Kiernan Dewsbury-Hall,CHE,M,124,FA,MCI Sun 11:30AM,181.5,9.07,85%,105.84,87%,20.011025358324144,-60.428571428571416,212,-106.16
212,124,*068yd*,Joao Gomes,WOL,M,125,FA,@ARS Sat 10:00AM,181.5,6.26,8%,321.35,11%,28.99361022364217,-60.428571428571416,213,108.35000000000002
213,133,*056iy*,Pedro Neto,WOL,F,134,FA,@ARS Sat 10:00AM,170.0,9.44,100%,43.2,98%,18.008474576271187,-60.64285714285714,214,-170.8
214,126,*02lot*,Massimo Luongo,IPS,M,127,FA,LIV Sat 7:30AM,180.5,6.69,4%,349.84,4%,26.980568011958145,-61.428571428571416,215,134.83999999999997
215,313,*06mgj*,Ryan Manning,SOU,D,314,FA,@NEW Sat 10:00AM,64.5,3.23,3%,374.17,3%,19.96904024767802,-61.64285714285714,216,158.17000000000002
216,314,*0554g*,Calvin Bassey,FUL,D,315,FA,@MUN Fri 3:00PM,64.0,1.94,4%,358.68,7%,32.98969072164949,-62.14285714285714,217,141.68
217,127,*061xs*,Julio Enciso,BHA,M,128,FA,@EVE Sat 10:00AM,179.5,11.22,76%,117.85,77%,15.998217468805704,-62.428571428571416,218,-100.15
218,315,*068yi*,Illia Zabarnyi,BOU,D,316,FA,@NOT Sat 10:00AM,63.0,1.91,10%,315.16,12%,32.98429319371728,-63.14285714285714,219,96.16000000000003
219,317,*051k5*,Lloyd Kelly,NEW,D,318,FA,SOU Sat 10:00AM,62.5,3.47,3%,369.36,4%,18.011527377521613,-63.64285714285714,220,149.36
220,319,*04qos*,Issa Diop,FUL,D,320,FA,@MUN Fri 3:00PM,62.0,2.0,0%,1145.1,1%,31.0,-64.14285714285714,221,924.0999999999999
221,322,*03rvw*,Harry Toffolo,NOT,D,323,FA,BOU Sat 10:00AM,61.5,3.84,1%,1169.37,1%,16.015625,-64.64285714285714,222,947.3699999999999
222,321,*02m4d*,Craig Dawson,WOL,D,322,FA,@ARS Sat 10:00AM,61.5,3.62,1%,1129.63,2%,16.988950276243095,-64.64285714285714,223,906.6300000000001
223,324,*05ts6*,Yerson Mosquera,WOL,D,325,FA,@ARS Sat 10:00AM,60.5,3.02,1%,1113.45,1%,20.033112582781456,-65.64285714285714,224,889.45
224,325,*0649k*,Wout Faes,LEI,D,326,FA,TOT Mon 3:00PM,60.0,1.82,4%,368.53,5%,32.967032967032964,-66.14285714285714,225,143.52999999999997
225,128,*04sat*,Emile Smith Rowe,FUL,M,129,FA,@MUN Fri 3:00PM,175.5,9.75,94%,72.15,98%,18.0,-66.42857142857142,226,-153.85
226,144,*05oig*,Liam Delap,IPS,F,145,FA,LIV Sat 7:30AM,164.0,6.31,12%,288.74,12%,25.990491283676704,-66.64285714285714,227,61.74000000000001
227,129,*06mg0*,Sam Morsy,IPS,M,130,FA,LIV Sat 7:30AM,175.0,5.65,13%,278.41,15%,30.973451327433626,-66.92857142857142,228,50.410000000000025
228,327,*062a9*,Sven Botman,NEW,D,328,FA,SOU Sat 10:00AM,59.0,3.69,3%,379.65,5%,15.989159891598916,-67.14285714285714,229,150.64999999999998
229,328,*03rec*,Tyrone Mings,AVL,D,329,FA,@WHU Sat 12:30PM,58.5,2.17,1%,1132.71,3%,26.95852534562212,-67.64285714285714,230,902.71
230,130,*03bwz*,Harry Winks,LEI,M,131,FA,TOT Mon 3:00PM,173.0,5.41,12%,280.58,12%,31.97781885397412,-68.92857142857142,231,49.579999999999984
231,147,*05r94*,Iliman Ndiaye,EVE,F,148,FA,BHA Sat 10:00AM,161.5,10.09,26%,152.89,30%,16.005946481665013,-69.14285714285714,232,-79.11000000000001
232,330,*06do9*,Milos Kerkez,BOU,D,331,FA,@NOT Sat 10:00AM,56.0,2.07,17%,232.05,23%,27.05314009661836,-70.14285714285714,233,-0.9499999999999886
233,131,*062oq*,Joe Ayodele-Aribo,SOU,M,132,FA,@NEW Sat 10:00AM,171.5,7.46,2%,1098.24,2%,22.989276139410187,-70.42857142857142,234,864.24
234,149,*05rff*,Jaden Philogene-Bidace,AVL,F,150,FA,@WHU Sat 12:30PM,159.0,12.23,11%,302.73,11%,13.000817661488144,-71.64285714285714,235,67.73000000000002
235,332,*05tr5*,Mads Roerslev,BRF,D,333,FA,CRY Sun 9:00AM,54.5,3.41,0%,1161.8,1%,15.982404692082111,-71.64285714285714,236,925.8
236,134,*051k3*,Jacob Ramsey,AVL,M,135,FA,@WHU Sat 12:30PM,169.5,9.42,17%,233.03,20%,17.993630573248407,-72.42857142857142,237,-3.969999999999999
237,333,*05uel*,Kristoffer Ajer,BRF,D,334,FA,CRY Sun 9:00AM,53.5,4.86,3%,378.59,3%,11.008230452674896,-72.64285714285714,238,140.58999999999997
238,334,*04mcg*,Ben Johnson,IPS,D,335,FA,LIV Sat 7:30AM,52.5,1.94,1%,1146.91,2%,27.061855670103093,-73.64285714285714,239,907.9100000000001
239,137,*05opj*,Elliot Anderson,NOT,M,138,FA,BOU Sat 10:00AM,168.0,8.4,18%,223.41,17%,20.0,-73.92857142857142,240,-16.590000000000003
240,138,*06cms*,Sandro Tonali,NEW,M,139,FA,SOU Sat 10:00AM,166.5,7.57,65%,126.48,65%,21.994715984147952,-75.42857142857142,241,-114.52
241,139,*062hb*,Flynn Downes,SOU,M,140,FA,@NEW Sat 10:00AM,166.0,5.35,3%,398.37,4%,31.028037383177573,-75.92857142857142,242,156.37
242,140,*04civ*,Scott McTominay,MUN,M,141,FA,FUL Fri 3:00PM,166.0,8.3,28%,151.32,33%,20.0,-75.92857142857142,243,-91.68
243,339,*06crm*,Pau Torres,AVL,D,340,FA,@WHU Sat 12:30PM,49.5,2.48,20%,188.8,23%,19.95967741935484,-76.64285714285714,244,-55.19999999999999
244,143,*05w7t*,Pape Sarr,TOT,M,143,FA,@LEI Mon 3:00PM,165.0,7.5,15%,267.06,15%,22.0,-76.92857142857142,245,22.060000000000002
245,141,*068a3*,Danilo,NOT,M,144,FA,BOU Sat 10:00AM,165.0,7.5,3%,394.35,4%,22.0,-76.92857142857142,246,148.35000000000002
246,341,*06nu7*,Riccardo Calafiori,ARS,D,342,FA,WOL Sat 10:00AM,48.5,3.73,79%,88.87,85%,13.002680965147453,-77.64285714285714,247,-158.13
247,290,*06cmu*,Bart Verbruggen,BHA,G,291,FA,@EVE Sat 10:00AM,76.0,3.17,3%,385.02,7%,23.974763406940063,-77.85714285714286,248,137.01999999999998
248,145,*06mpp*,Mats Wieffer,BHA,M,146,FA,@EVE Sat 10:00AM,164.0,8.2,7%,327.34,10%,20.0,-77.92857142857142,249,78.33999999999997
249,342,*04tm0*,Lucas Digne,AVL,D,343,FA,@WHU Sat 12:30PM,48.0,5.33,36%,144.43,31%,9.00562851782364,-78.14285714285714,250,-105.57
250,156,*04rd0*,Bobby De Cordova-Reid,LEI,F,157,FA,TOT Mon 3:00PM,152.5,7.62,5%,365.2,5%,20.013123359580053,-78.14285714285714,251,114.19999999999999
251,344,*06mx0*,Leny Yoro,MUN,D,345,FA,FUL Fri 3:00PM,47.5,2.97,27%,148.1,30%,15.993265993265993,-78.64285714285714,252,-103.9
252,343,*0620k*,Nayef Aguerd,WHU,D,344,FA,AVL Sat 12:30PM,47.5,2.38,0%,1250.0,1%,19.95798319327731,-78.64285714285714,253,997.0
253,146,*068yt*,Sasa Lukic,FUL,M,147,FA,@MUN Fri 3:00PM,162.0,5.79,0%,1156.0,2%,27.979274611398964,-79.92857142857142,254,902.0
254,161,*0632a*,Sekou Mara,SOU,F,162,FA,@NEW Sat 10:00AM,149.5,9.34,2%,385.46,2%,16.00642398286938,-81.14285714285714,255,130.45999999999998
255,349,*062og*,Aaron Hickey,BRF,D,350,FA,CRY Sun 9:00AM,44.5,1.93,0%,1250.0,1%,23.05699481865285,-81.64285714285714,256,994.0
256,350,*06nv2*,Dean Huijsen,BOU,D,351,FA,@NOT Sat 10:00AM,44.5,4.05,3%,363.89,2%,10.987654320987655,-81.64285714285714,257,106.88999999999999
257,348,*03ena*,Aaron Cresswell,WHU,D,349,FA,AVL Sat 12:30PM,44.5,2.78,0%,1153.1,1%,16.007194244604317,-81.64285714285714,258,895.0999999999999
258,352,*052k6*,Taylor Harwood-Bellis,SOU,D,353,FA,@NEW Sat 10:00AM,43.0,1.48,5%,353.36,6%,29.054054054054056,-83.14285714285714,259,94.36000000000001
259,353,*043c1*,Oleksandr Zinchenko,ARS,D,354,FA,WOL Sat 10:00AM,43.0,6.14,37%,143.07,42%,7.0032573289902285,-83.14285714285714,260,-116.93
260,165,*06mvz*,Savio,MCI,F,166,FA,@CHE Sun 11:30AM,147.0,13.36,75%,115.85,79%,11.002994011976048,-83.64285714285714,261,-145.15
261,354,*051kg*,Max Aarons,BOU,D,355,FA,@NOT Sat 10:00AM,42.5,2.12,1%,1140.94,1%,20.047169811320753,-83.64285714285714,262,878.94
262,355,*05oeh*,Kenny Tete,FUL,D,356,FA,@MUN Fri 3:00PM,42.0,6.0,3%,387.02,2%,7.0,-84.14285714285714,263,124.01999999999998
263,357,*06dmj*,Jurrien Timber,ARS,D,358,FA,WOL Sat 10:00AM,41.5,2.44,85%,107.75,83%,17.008196721311474,-84.64285714285714,264,-156.25
264,167,*05u4m*,Patson Daka,LEI,F,168,FA,TOT Mon 3:00PM,146.0,9.12,12%,289.63,11%,16.00877192982456,-84.64285714285714,265,24.629999999999995
265,151,*04xjr*,Harvey Elliott,LIV,M,152,FA,@IPS Sat 7:30AM,157.0,9.81,81%,120.84,82%,16.004077471967378,-84.92857142857142,266,-145.16
266,150,*04sft*,Yves Bissouma,TOT,M,151,FA,@LEI Mon 3:00PM,157.0,6.04,10%,304.46,12%,25.99337748344371,-84.92857142857142,267,37.45999999999998
267,360,*05opl*,Wesley Fofana,CHE,D,361,FA,MCI Sun 11:30AM,41.0,4.56,10%,297.97,10%,8.99122807017544,-85.14285714285714,268,29.970000000000027
268,358,*06804*,Benoit Badiashile,CHE,D,359,FA,MCI Sun 11:30AM,41.0,4.1,1%,1149.83,2%,10.0,-85.14285714285714,269,880.8299999999999
269,359,*04fk9*,Jan Bednarek,SOU,D,360,FA,@NEW Sat 10:00AM,41.0,1.24,1%,1126.65,3%,33.064516129032256,-85.14285714285714,270,856.6500000000001
270,169,*03dyk*,Jamie Vardy,LEI,F,170,FA,TOT Mon 3:00PM,144.0,8.47,48%,139.22,50%,17.001180637544273,-86.64285714285714,271,-131.78
271,171,*03u2b*,Adama Traore,FUL,F,172,FA,@MUN Fri 3:00PM,143.5,11.04,5%,362.81,6%,12.998188405797103,-87.14285714285714,272,90.81
272,170,*05vyj*,Evan Ferguson,BHA,F,171,FA,@EVE Sat 10:00AM,143.5,8.44,18%,224.01,24%,17.00236966824645,-87.14285714285714,273,-48.99000000000001
273,172,*02lnx*,Danny Welbeck,BHA,F,173,FA,@EVE Sat 10:00AM,143.5,8.97,5%,362.27,6%,15.99777034559643,-87.14285714285714,274,88.26999999999998
274,362,*062ft*,Tyrell Malacia,MUN,D,363,FA,FUL Fri 3:00PM,39.0,3.55,0%,1136.8,1%,10.985915492957748,-87.14285714285714,275,861.8
275,363,*056ir*,Adam Webster,BHA,D,364,FA,@EVE Sat 10:00AM,39.0,3.0,0%,1250.0,1%,13.0,-87.14285714285714,276,974.0
276,365,*052ca*,Ezri Konsa,AVL,D,366,FA,@WHU Sat 12:30PM,38.5,1.17,23%,152.38,28%,32.90598290598291,-87.64285714285714,277,-124.62
277,154,*068a7*,Pablo Sarabia,WOL,M,155,FA,@ARS Sat 10:00AM,154.0,9.62,73%,119.89,74%,16.008316008316008,-87.92857142857142,278,-158.11
278,367,*02lpl*,Seamus Coleman,EVE,D,368,FA,BHA Sat 10:00AM,37.5,2.88,0%,1250.0,0%,13.020833333333334,-88.64285714285714,279,971.0
279,369,*06nyw*,Jorge Cuenca,FUL,D,370,FA,@MUN Fri 3:00PM,37.0,3.36,1%,1118.23,1%,11.011904761904763,-89.14285714285714,280,838.23
280,374,*05n3v*,Konstantinos Tsimikas,LIV,D,375,FA,@IPS Sat 7:30AM,36.5,9.12,15%,245.17,19%,4.00219298245614,-89.64285714285714,281,-35.83000000000001
281,376,*02lny*,Ashley Young,EVE,D,377,FA,BHA Sat 10:00AM,36.0,2.25,0%,1250.0,1%,16.0,-90.14285714285714,282,968.0
282,157,*068ym*,Enzo Fernandez,CHE,M,158,FA,MCI Sun 11:30AM,151.5,6.89,74%,120.47,76%,21.988388969521047,-90.42857142857142,283,-162.53
283,158,*05gcp*,Tomas Soucek,WHU,M,159,FA,AVL Sat 12:30PM,151.5,7.97,66%,128.21,67%,19.00878293601004,-90.42857142857142,284,-155.79
284,377,*061vb*,James Hill,BOU,D,378,FA,@NOT Sat 10:00AM,35.5,5.07,0%,1250.0,0%,7.001972386587771,-90.64285714285714,285,965.0
285,159,*067zv*,Kevin Schade,BRF,M,160,FA,CRY Sun 9:00AM,151.0,9.44,15%,246.15,18%,15.995762711864408,-90.92857142857142,286,-39.849999999999994
286,379,*03v6t*,Ben Chilwell,CHE,D,380,FA,MCI Sun 11:30AM,35.0,8.75,60%,126.57,60%,4.0,-91.14285714285714,287,-160.43
287,380,*06mfy*,Luke Woolfenden,IPS,D,381,FA,LIV Sat 7:30AM,35.0,1.3,0%,1134.1,1%,26.923076923076923,-91.14285714285714,288,846.0999999999999
288,160,*04tzt*,Jefferson Lerma,CRY,M,161,FA,@BRF Sun 9:00AM,150.5,6.84,9%,310.92,9%,22.002923976608187,-91.42857142857142,289,21.920000000000016
289,382,*04mup*,Trevoh Chalobah,CHE,D,383,FA,MCI Sun 11:30AM,33.0,3.67,0%,1184.8,1%,8.991825613079019,-93.14285714285714,290,894.8
290,326,*04f6h*,Matz Sels,NOT,G,327,FA,BOU Sat 10:00AM,60.0,2.5,2%,1096.89,4%,24.0,-93.85714285714286,291,805.8900000000001
291,162,*062ot*,Cheick Doucoure,CRY,M,163,FA,@BRF Sun 9:00AM,148.0,7.4,2%,1126.13,2%,20.0,-93.92857142857142,292,834.1300000000001
292,383,*04fyc*,Charlie Taylor,SOU,D,384,FA,@NEW Sat 10:00AM,31.5,2.42,0%,1250.0,1%,13.016528925619834,-94.64285714285714,293,957.0
293,185,*05rl4*,Crysencio Summerville,WHU,F,186,FA,AVL Sat 12:30PM,136.0,9.71,45%,99.04,46%,14.006179196704426,-94.64285714285714,294,-194.95999999999998
294,384,*05ubt*,Harry Clarke,IPS,D,385,FA,LIV Sat 7:30AM,30.5,3.39,0%,1250.0,0%,8.997050147492626,-95.64285714285714,295,955.0
295,385,*06fwx*,Santiago Bueno,WOL,D,386,FA,@ARS Sat 10:00AM,29.5,2.27,0%,1250.0,0%,12.995594713656388,-96.64285714285714,296,954.0
296,386,*06eka*,Igor Julio,BHA,D,387,FA,@EVE Sat 10:00AM,29.0,1.45,0%,1250.0,1%,20.0,-97.14285714285714,297,953.0
297,387,*04qfm*,Ryan Sessegnon,FUL,D,388,FA,@MUN Fri 3:00PM,28.5,7.12,9%,307.3,6%,4.002808988764045,-97.64285714285714,298,9.300000000000011
298,388,*062oh*,Jake O'Brien,EVE,D,389,FA,BHA Sat 10:00AM,27.5,3.93,6%,343.1,5%,6.997455470737913,-98.64285714285714,299,44.10000000000002
299,173,*0328q*,Tom Cairney,FUL,M,174,FA,@MUN Fri 3:00PM,143.0,7.53,1%,1173.51,2%,18.99070385126162,-98.92857142857142,300,873.51
300,189,*04qrc*,Raul Jimenez,FUL,F,190,FA,@MUN Fri 3:00PM,131.5,8.22,4%,376.96,4%,15.997566909975667,-99.14285714285714,301,75.95999999999998
301,389,*068n9*,Victor Kristiansen,LEI,D,390,FA,TOT Mon 3:00PM,26.5,2.65,2%,1075.4,2%,10.0,-99.64285714285714,302,773.4000000000001
302,392,*02lp5*,Adam Smith,BOU,D,393,FA,@NOT Sat 10:00AM,26.0,1.44,0%,1250.0,0%,18.055555555555557,-100.14285714285714,303,947.0
303,391,*061v9*,Diego Carlos,AVL,D,392,FA,@WHU Sat 12:30PM,26.0,2.17,1%,1118.83,2%,11.981566820276498,-100.14285714285714,304,814.8299999999999
304,393,*03pig*,Jamaal Lascelles,NEW,D,394,FA,SOU Sat 10:00AM,25.0,2.78,0%,1250.0,0%,8.992805755395684,-101.14285714285714,305,945.0
305,336,*055c3*,Gavin Bazunu,SOU,G,337,FA,@NEW Sat 10:00AM,52.0,2.74,0%,1250.0,1%,18.97810218978102,-101.85714285714286,306,944.0
306,180,*06fy7*,Nicolas Dominguez,NOT,M,181,FA,BOU Sat 10:00AM,140.0,7.0,2%,1070.99,2%,20.0,-101.92857142857142,307,763.99
307,181,*052cd*,Mason Mount,MUN,M,182,FA,FUL Fri 3:00PM,140.0,11.67,49%,139.74,51%,11.996572407883463,-101.92857142857142,308,-168.26
308,394,*06msd*,Yukinari Sugawara,SOU,D,395,FA,@NEW Sat 10:00AM,24.0,3.43,8%,324.97,8%,6.997084548104956,-102.14285714285714,309,15.970000000000027
309,182,*05ye7*,Oscar Bobb,MCI,M,183,FA,@CHE Sun 11:30AM,139.5,12.68,43%,135.08,54%,11.001577287066246,-102.42857142857142,310,-174.92
310,395,*0687b*,Alex Moreno,AVL,D,396,FA,@WHU Sat 12:30PM,23.5,5.88,8%,318.51,9%,3.996598639455782,-102.64285714285714,311,7.509999999999991
311,338,*02t20*,Alex McCarthy,SOU,G,339,FA,@NEW Sat 10:00AM,51.0,2.68,0%,1184.8,1%,19.029850746268657,-102.85714285714286,312,872.8
312,396,*068sd*,Jakub Kiwior,ARS,D,397,FA,WOL Sat 10:00AM,23.0,3.29,5%,341.04,9%,6.990881458966565,-103.14285714285714,313,28.04000000000002
313,194,*05s00*,Daniel Jebbison,BOU,F,195,FA,@NOT Sat 10:00AM,127.5,9.81,0%,1200.4,1%,12.996941896024465,-103.14285714285714,314,886.4000000000001
314,198,*05mxc*,Timo Werner,TOT,F,199,FA,@LEI Mon 3:00PM,127.0,11.55,49%,137.2,54%,10.995670995670995,-103.64285714285714,315,-177.8
315,399,*03xrs*,Axel Tuanzebe,IPS,D,400,FA,LIV Sat 7:30AM,21.5,1.95,0%,1216.8,1%,11.025641025641026,-104.64285714285714,316,900.8
316,398,*0522a*,James Bree,SOU,D,399,FA,@NEW Sat 10:00AM,21.5,3.07,0%,1250.0,0%,7.0032573289902285,-104.64285714285714,317,933.0
317,400,*0329y*,Joel Ward,CRY,D,401,FA,@BRF Sun 9:00AM,21.0,2.33,0%,1250.0,1%,9.012875536480687,-105.14285714285714,318,932.0
318,401,*03arh*,Kurt Zouma,WHU,D,402,FA,AVL Sat 12:30PM,20.5,2.93,3%,371.44,3%,6.996587030716723,-105.64285714285714,319,52.44
319,402,*03297*,Conor Townsend,IPS,D,403,FA,LIV Sat 7:30AM,19.5,2.17,0%,1250.0,0%,8.986175115207374,-106.64285714285714,320,930.0
320,345,*06mx2*,Carlos Miguel,NOT,G,348,FA,BOU Sat 10:00AM,47.0,3.36,2%,1110.25,2%,13.988095238095239,-106.85714285714286,321,789.25
321,404,*04adp*,Aaron Wan-Bissaka,MUN,D,405,FA,FUL Fri 3:00PM,19.0,4.75,25%,149.95,36%,4.0,-107.14285714285714,322,-172.05
322,405,*05w9m*,Emerson Royal,TOT,D,406,FA,@LEI Mon 3:00PM,17.5,4.38,1%,1102.94,2%,3.995433789954338,-108.64285714285714,323,779.94
323,212,*03sgc*,Jordan Ayew,CRY,F,213,FA,@BRF Sun 9:00AM,120.5,9.27,10%,302.29,12%,12.998921251348436,-110.14285714285714,324,-21.70999999999998
324,406,*02ln2*,Jonny Evans,MUN,D,407,FA,FUL Fri 3:00PM,16.0,4.0,0%,1102.8,1%,4.0,-110.14285714285714,325,777.8
325,407,*02t1k*,Nathaniel Clyne,CRY,D,408,FA,@BRF Sun 9:00AM,15.0,1.36,0%,1250.0,0%,11.029411764705882,-111.14285714285714,326,924.0
326,191,*063q8*,Mikkel Damsgaard,BRF,M,192,FA,CRY Sun 9:00AM,129.5,8.09,2%,402.59,2%,16.00741656365884,-112.42857142857142,327,75.58999999999997
327,409,*04fyg*,Zanka,BRF,D,410,FA,CRY Sun 9:00AM,13.5,3.38,0%,1250.0,0%,3.9940828402366866,-112.64285714285714,328,922.0
328,408,*02oo1*,Ben Davies,TOT,D,409,FA,@LEI Mon 3:00PM,13.5,3.38,1%,1135.82,1%,3.9940828402366866,-112.64285714285714,329,806.8199999999999
329,195,*04u41*,Mateo Kovacic,MCI,M,196,FA,@CHE Sun 11:30AM,127.5,7.97,6%,344.69,8%,15.997490589711418,-114.42857142857142,330,14.689999999999998
330,411,*05trt*,Andrew Omobamidele,NOT,D,412,FA,BOU Sat 10:00AM,11.5,1.64,0%,1250.0,0%,7.01219512195122,-114.64285714285714,331,919.0
331,410,*06ime*,Radu Dragusin,TOT,D,411,FA,@LEI Mon 3:00PM,11.5,2.88,3%,379.13,4%,3.993055555555556,-114.64285714285714,332,47.129999999999995
332,197,*068a1*,Mykhailo Mudryk,CHE,M,198,FA,MCI Sun 11:30AM,127.0,9.77,62%,136.75,61%,12.998976458546572,-114.92857142857142,333,-196.25
333,412,*04ylt*,Chris Mepham,BOU,D,413,FA,@NOT Sat 10:00AM,10.5,3.5,0%,1250.0,0%,3.0,-115.64285714285714,334,916.0
334,413,*02oq7*,Jack Stephens,SOU,D,414,FA,@NEW Sat 10:00AM,10.0,0.56,0%,1065.8,0%,17.857142857142854,-116.14285714285714,335,730.8
335,200,*061y6*,Ryan Yates,NOT,M,201,FA,BOU Sat 10:00AM,125.5,5.7,0%,1112.2,1%,22.017543859649123,-116.42857142857142,336,776.2
336,221,*04ge9*,Eddie Nketiah,ARS,F,222,FA,WOL Sat 10:00AM,114.0,12.67,13%,277.98,17%,8.997632202052092,-116.64285714285714,337,-59.01999999999998
337,414,*04fk8*,Victor Lindelof,MUN,D,415,FA,FUL Fri 3:00PM,9.5,2.38,1%,1191.07,1%,3.991596638655462,-116.64285714285714,338,853.0699999999999
338,370,*04yme*,Robert Sanchez,CHE,G,371,FA,MCI Sun 11:30AM,37.0,4.62,7%,330.31,11%,8.008658008658008,-116.85714285714286,339,-8.689999999999998
339,202,*051kl*,Emiliano Buendia,AVL,M,203,FA,@WHU Sat 12:30PM,125.0,11.36,28%,143.34,26%,11.003521126760564,-116.92857142857142,340,-196.66
340,201,*06f81*,Edson Alvarez,WHU,M,202,FA,AVL Sat 12:30PM,125.0,6.25,2%,384.47,5%,20.0,-116.92857142857142,341,43.47000000000003
341,415,*05raa*,Hugo Bueno,WOL,D,416,FA,@ARS Sat 10:00AM,9.0,2.25,0%,1250.0,1%,4.0,-117.14285714285714,342,908.0
342,203,*04abn*,Harvey Barnes,NEW,M,204,FA,SOU Sat 10:00AM,124.5,11.32,85%,108.47,86%,10.998233215547703,-117.42857142857142,343,-234.53
343,375,*04rha*,Jason Steele,BHA,G,376,FA,@EVE Sat 10:00AM,36.0,2.57,2%,387.06,4%,14.007782101167317,-117.85714285714286,344,43.06
344,206,*061z3*,Fabio Vieira,ARS,M,208,FA,WOL Sat 10:00AM,124.0,12.4,2%,1061.99,3%,10.0,-117.92857142857142,345,716.99
345,205,*06fso*,Wataru Endo,LIV,M,206,FA,@IPS Sat 7:30AM,124.0,7.75,5%,343.25,6%,16.0,-117.92857142857142,346,-2.75
346,223,*062p3*,Keane Lewis-Potter,BRF,F,224,FA,CRY Sun 9:00AM,112.5,8.65,0%,1148.8,1%,13.005780346820808,-118.14285714285714,347,801.8
347,209,*04ge6*,Joe Willock,NEW,M,210,FA,SOU Sat 10:00AM,123.0,9.46,6%,341.19,7%,13.002114164904862,-118.92857142857142,348,-6.810000000000002
348,416,*06mpc*,Nathan Wood,SOU,D,417,FA,@NEW Sat 10:00AM,6.5,1.62,0%,1250.0,0%,4.012345679012346,-119.64285714285714,349,901.0
349,227,*04mdj*,Nathan Broadhead,IPS,F,228,FA,LIV Sat 7:30AM,110.5,8.5,3%,379.8,3%,13.0,-120.14285714285714,350,29.80000000000001
350,211,*063hu*,Amadou Onana,AVL,M,212,FA,@WHU Sat 12:30PM,121.5,6.75,41%,135.99,43%,18.0,-120.42857142857142,351,-215.01
351,228,*062cn*,Julian Alvarez,MCI,F,229,FA,@CHE Sun 11:30AM,109.5,15.64,84%,52.44,68%,7.001278772378517,-121.14285714285714,352,-299.56
352,213,*06f8y*,Alex Scott,BOU,M,214,FA,@NOT Sat 10:00AM,120.5,7.53,6%,354.77,7%,16.002656042496678,-121.42857142857142,353,1.7699999999999818
353,214,*06fxe*,Ryan Gravenberch,LIV,M,215,FA,@IPS Sat 7:30AM,119.5,9.19,2%,394.93,5%,13.003264417845484,-122.42857142857142,354,40.93000000000001
354,231,*05w9q*,Odsonne Edouard,CRY,F,232,FA,@BRF Sun 9:00AM,107.5,9.77,6%,351.55,5%,11.003070624360287,-123.14285714285714,355,-3.4499999999999886
355,418,*06mq2*,Caleb Okoli,LEI,D,419,FA,TOT Mon 3:00PM,2.5,0.36,0%,1250.0,0%,6.944444444444445,-123.64285714285714,356,894.0
356,419,*02ljr*,Conor Coady,LEI,D,420,FA,TOT Mon 3:00PM,1.5,0.38,0%,1171.4,0%,3.9473684210526314,-124.64285714285714,357,814.4000000000001
357,218,*05ue7*,Frank Onyeka,BRF,M,219,FA,CRY Sun 9:00AM,116.5,7.28,0%,1250.0,0%,16.002747252747252,-125.42857142857142,358,892.0
358,219,*04f67*,Philip Billing,BOU,M,220,FA,@NOT Sat 10:00AM,116.0,9.67,3%,377.81,3%,11.995863495346432,-125.92857142857142,359,18.810000000000002
359,421,*06442*,Zach Abbott,NOT,D,422,FA,BOU Sat 10:00AM,0.0,0.0,0%,1250.0,0%,,-126.14285714285714,360,890.0
360,692,*05wwd*,Joshua Wilson-Esbrand,MCI,D,687,FA,@CHE Sun 11:30AM,0.0,0.0,0%,1169.6,0%,,-126.14285714285714,361,808.5999999999999
361,608,*06ewy*,Alex Murphy,NEW,D,603,FA,SOU Sat 10:00AM,0.0,0.0,0%,1250.0,0%,,-126.14285714285714,362,888.0
362,462,*066iy*,Kaelan Casey,WHU,D,465,FA,AVL Sat 12:30PM,0.0,0.0,0%,1250.0,0%,,-126.14285714285714,363,887.0
363,543,*044nm*,Rob Holding,CRY,D,540,FA,@BRF Sun 9:00AM,0.0,0.0,0%,1250.0,0%,,-126.14285714285714,364,886.0
364,617,*06kum*,Wesley Okoduwa,WOL,D,614,FA,@ARS Sat 10:00AM,0.0,0.0,0%,1116.8,0%,,-126.14285714285714,365,751.8
365,561,*062cl*,Issa Kabore,MCI,D,555,W (Tue),@CHE Sun 11:30AM,0.0,0.0,1%,1117.0,1%,,-126.14285714285714,366,751.0
366,681,*05220*,Sepp van den Berg,LIV,D,697,FA,@IPS Sat 7:30AM,0.0,0.0,0%,1117.8,0%,,-126.14285714285714,367,750.8
367,547,*06ib4*,Justin Hubner,WOL,D,544,FA,@ARS Sat 10:00AM,0.0,0.0,0%,1250.0,0%,,-126.14285714285714,368,882.0
368,512,*06igq*,Benjamin Fredrick,BRF,D,509,FA,CRY Sun 9:00AM,0.0,0.0,0%,1250.0,0%,,-126.14285714285714,369,881.0
369,641,*05ohc*,Sergio Reguilon,TOT,D,636,FA,@LEI Mon 3:00PM,0.0,0.0,24%,159.58,29%,,-126.14285714285714,370,-210.42
370,434,*05ogh*,Harrison Ashby,NEW,D,435,FA,SOU Sat 10:00AM,0.0,0.0,0%,1250.0,0%,,-126.14285714285714,371,879.0
371,612,*05qz9*,Ben Nelson,LEI,D,607,FA,TOT Mon 3:00PM,0.0,0.0,0%,1250.0,0%,,-126.14285714285714,372,878.0
372,458,*06idv*,Elijah Campbell,EVE,D,460,FA,BHA Sat 10:00AM,0.0,0.0,0%,1250.0,0%,,-126.14285714285714,373,877.0
373,544,*03v6s*,Mason Holgate,EVE,D,541,FA,BHA Sat 10:00AM,0.0,0.0,0%,1250.0,0%,,-126.14285714285714,374,876.0
374,490,*06onu*,Roman Dixon,EVE,D,490,W (Tue),BHA Sat 10:00AM,0.0,0.0,0%,1250.0,0%,,-126.14285714285714,375,875.0
375,558,*0570n*,Joao Cancelo,MCI,D,467,FA,@CHE Sun 11:30AM,0.0,0.0,5%,366.84,4%,,-126.14285714285714,376,-9.160000000000025
376,463,*06mgh*,Dylan Charlton,NEW,D,468,FA,SOU Sat 10:00AM,0.0,0.0,0%,1250.0,0%,,-126.14285714285714,377,873.0
377,542,*04yjx*,Ki-Jana Hoever,WOL,D,539,FA,@ARS Sat 10:00AM,0.0,0.0,0%,1250.0,0%,,-126.14285714285714,378,872.0
378,644,*062op*,Omar Richards,NOT,D,638,FA,BOU Sat 10:00AM,0.0,0.0,0%,1181.8,0%,,-126.14285714285714,379,802.8
379,525,*066rj*,Sean Grehan,CRY,D,522,FA,@BRF Sun 9:00AM,0.0,0.0,0%,1250.0,0%,,-126.14285714285714,380,870.0
380,443,*0620j*,Armel Bella Kotchap,SOU,D,444,FA,@NEW Sat 10:00AM,0.0,0.0,0%,1250.0,0%,,-126.14285714285714,381,869.0
381,576,*06nvb*,Caleb Kporha,CRY,D,569,FA,@BRF Sun 9:00AM,0.0,0.0,0%,1181.4,0%,,-126.14285714285714,382,799.4000000000001
382,611,*06kyv*,Kosta Nedeljkovic,AVL,D,606,FA,@WHU Sat 12:30PM,0.0,0.0,1%,1065.88,1%,,-126.14285714285714,383,682.8800000000001
383,497,*06mfx*,George Edmundson,IPS,D,497,FA,LIV Sat 7:30AM,0.0,0.0,0%,1250.0,0%,,-126.14285714285714,384,866.0
384,498,*06mp2*,Ronnie Edwards,SOU,D,498,FA,@NEW Sat 10:00AM,0.0,0.0,0%,1250.0,0%,,-126.14285714285714,385,865.0
385,671,*06onx*,Jean-Clair Todibo,WHU,D,666,W (Tue),AVL Sat 12:30PM,0.0,0.0,3%,337.28,3%,,-126.14285714285714,386,-48.72000000000003
386,450,*05r4h*,Lamare Bogarde,AVL,D,451,W (Tue),@WHU Sat 12:30PM,0.0,0.0,0%,1250.0,0%,,-126.14285714285714,387,863.0
387,480,*06ewn*,Luc De Fougerolles,FUL,D,482,FA,@MUN Fri 3:00PM,0.0,0.0,0%,1250.0,0%,,-126.14285714285714,388,862.0
388,691,*05oji*,Rhys Williams,LIV,D,686,FA,@IPS Sat 7:30AM,0.0,0.0,0%,1176.8,0%,,-126.14285714285714,389,787.8
389,677,*05x9j*,Ed Turns,BHA,D,673,FA,@EVE Sat 10:00AM,0.0,0.0,0%,1250.0,0%,,-126.14285714285714,390,860.0
390,442,*05uhi*,Owen Beck,LIV,D,443,FA,@IPS Sat 7:30AM,0.0,0.0,0%,1049.4,0%,,-126.14285714285714,391,658.4000000000001
391,568,*06igt*,Aaron Keto-Diyawa,WOL,D,561,FA,@ARS Sat 10:00AM,0.0,0.0,0%,1250.0,0%,,-126.14285714285714,392,858.0
392,492,*03ala*,Janoi Donacien,IPS,D,492,FA,LIV Sat 7:30AM,0.0,0.0,0%,1076.6,0%,,-126.14285714285714,393,683.5999999999999
393,632,*06exk*,Ashley Phillips,TOT,D,627,FA,@LEI Mon 3:00PM,0.0,0.0,0%,1250.0,0%,,-126.14285714285714,394,856.0
394,557,*06nva*,Mofe Jemide,CRY,D,554,FA,@BRF Sun 9:00AM,0.0,0.0,0%,1250.0,0%,,-126.14285714285714,395,855.0
395,643,*06mnn*,Chadi Riad,CRY,D,637,FA,@BRF Sun 9:00AM,0.0,0.0,0%,1096.8,1%,,-126.14285714285714,396,700.8
396,572,*068z2*,Max Kinsey-Wellings,BOU,D,565,FA,@NOT Sat 10:00AM,0.0,0.0,0%,1250.0,0%,,-126.14285714285714,397,853.0
397,615,*05vyg*,Odeluga Offiah,BHA,D,612,FA,@EVE Sat 10:00AM,0.0,0.0,0%,1052.8,0%,,-126.14285714285714,398,654.8
398,666,*05r3z*,Sil Swinkels,AVL,D,661,W (Tue),@WHU Sat 12:30PM,0.0,0.0,0%,1250.0,0%,,-126.14285714285714,399,851.0
399,532,*04qr4*,Kortney Hause,AVL,D,529,FA,@WHU Sat 12:30PM,0.0,0.0,0%,1250.0,0%,,-126.14285714285714,400,850.0
400,667,*0372y*,Matt Targett,NEW,D,662,FA,SOU Sat 10:00AM,0.0,0.0,0%,1250.0,0%,,-126.14285714285714,401,849.0
401,580,*051kd*,Jamal Lewis,NEW,D,575,FA,SOU Sat 10:00AM,0.0,0.0,0%,1092.8,0%,,-126.14285714285714,402,690.8
402,668,*05m46*,Luke Thomas,LEI,D,663,FA,TOT Mon 3:00PM,0.0,0.0,0%,1250.0,0%,,-126.14285714285714,403,847.0
403,669,*06mgg*,Ciaran Thompson,NEW,D,664,FA,SOU Sat 10:00AM,0.0,0.0,0%,1250.0,0%,,-126.14285714285714,404,846.0
404,670,*05749*,Kieran Tierney,ARS,D,665,FA,WOL Sat 10:00AM,0.0,0.0,0%,1250.0,0%,,-126.14285714285714,405,845.0
405,563,*0327r*,Michael Keane,EVE,D,557,FA,BHA Sat 10:00AM,0.0,0.0,0%,1250.0,1%,,-126.14285714285714,406,844.0
406,534,*06nyv*,Chanse Headman,BRF,D,531,FA,CRY Sun 9:00AM,0.0,0.0,0%,1050.0,0%,,-126.14285714285714,407,643.0
407,635,*04rxe*,Nathaniel Phillips,LIV,D,630,FA,@IPS Sat 7:30AM,0.0,0.0,0%,1250.0,0%,,-126.14285714285714,408,842.0
408,650,*06bq0*,Imari Samuels,BHA,D,644,FA,@EVE Sat 10:00AM,0.0,0.0,0%,1250.0,0%,,-126.14285714285714,409,841.0
409,645,*06nyy*,Junior Robinson,WHU,D,639,FA,AVL Sat 12:30PM,0.0,0.0,0%,1250.0,0%,,-126.14285714285714,410,840.0
410,656,*06on5*,Leo Shahar,NEW,D,650,W (Tue),SOU Sat 10:00AM,0.0,0.0,0%,1250.0,0%,,-126.14285714285714,411,839.0
411,593,*03pih*,Kevin Mbabu,FUL,D,587,FA,@MUN Fri 3:00PM,0.0,0.0,0%,1250.0,0%,,-126.14285714285714,412,838.0
412,654,*06635*,Oliver Scarles,WHU,D,648,FA,AVL Sat 12:30PM,0.0,0.0,0%,1250.0,0%,,-126.14285714285714,413,837.0
413,690,*06nbq*,Caleb Wiley,CHE,D,685,FA,MCI Sun 11:30AM,0.0,0.0,0%,1108.8,0%,,-126.14285714285714,414,694.8
414,549,*066sh*,Bashir Humphreys,CHE,D,546,FA,MCI Sun 11:30AM,0.0,0.0,0%,1106.1,0%,,-126.14285714285714,415,691.0999999999999
415,422,*06kwp*,Josh Acheampong,CHE,D,423,FA,MCI Sun 11:30AM,0.0,0.0,0%,1053.4,0%,,-126.14285714285714,416,637.4000000000001
416,570,*06dpw*,Ji-Soo Kim,BRF,D,563,FA,CRY Sun 9:00AM,0.0,0.0,0%,1083.8,0%,,-126.14285714285714,417,666.8
417,560,*064a2*,Juan Larios,SOU,D,574,FA,@NEW Sat 10:00AM,0.0,0.0,0%,1250.0,0%,,-126.14285714285714,418,832.0
418,628,*06mrz*,Pedro Lima,WOL,D,461,FA,@ARS Sat 10:00AM,0.0,0.0,1%,1102.84,1%,,-126.14285714285714,419,683.8399999999999
419,693,*061xw*,Joe Worrall,NOT,D,688,FA,BOU Sat 10:00AM,0.0,0.0,0%,1250.0,0%,,-126.14285714285714,420,830.0
420,577,*05746*,Emil Krafth,NEW,D,570,FA,SOU Sat 10:00AM,0.0,0.0,0%,1250.0,0%,,-126.14285714285714,421,829.0
421,598,*06mgk*,Jayden Meghoma,SOU,D,592,FA,@NEW Sat 10:00AM,0.0,0.0,0%,1250.0,0%,,-126.14285714285714,422,828.0
422,536,*06nv4*,Cathal Heffernan,NEW,D,533,FA,SOU Sat 10:00AM,0.0,0.0,0%,1250.0,0%,,-126.14285714285714,423,827.0
423,220,*061va*,Boubacar Kamara,AVL,M,221,FA,@WHU Sat 12:30PM,114.0,6.0,0%,1150.8,1%,19.0,-127.92857142857142,424,726.8
424,224,*05u5d*,Boubakary Soumare,LEI,M,225,FA,TOT Mon 3:00PM,112.5,5.11,0%,1250.0,0%,22.015655577299412,-129.42857142857142,425,825.0
425,226,*04s8k*,Jorginho,ARS,M,227,FA,WOL Sat 10:00AM,111.0,8.54,5%,353.14,5%,12.997658079625294,-130.92857142857142,426,-72.86000000000001
426,246,*06few*,Youssef Chermiti,EVE,F,247,FA,BHA Sat 10:00AM,99.5,11.06,0%,1250.0,1%,8.99638336347197,-131.14285714285714,427,823.0
427,229,*03am7*,Jacob Murphy,NEW,M,230,FA,SOU Sat 10:00AM,109.5,9.95,58%,133.75,63%,11.00502512562814,-132.42857142857142,428,-294.25
428,233,*06nl5*,Jesper Lindstrøm,EVE,M,234,FA,BHA Sat 10:00AM,106.5,9.68,14%,264.48,14%,11.00206611570248,-135.42857142857142,429,-164.51999999999998
429,234,*04ug0*,Sean Longstaff,NEW,M,235,FA,SOU Sat 10:00AM,106.5,6.66,4%,362.72,7%,15.99099099099099,-135.42857142857142,430,-67.27999999999997
430,260,*02lkp*,Raheem Sterling,CHE,F,261,FA,MCI Sun 11:30AM,92.5,10.28,59%,132.71,59%,8.998054474708171,-138.14285714285714,431,-298.28999999999996
431,239,*04o82*,Curtis Jones,LIV,M,240,FA,@IPS Sat 7:30AM,102.5,8.54,5%,354.79,8%,12.00234192037471,-139.42857142857142,432,-77.20999999999998
432,243,*0642l*,Casemiro,MUN,M,244,FA,FUL Fri 3:00PM,100.5,9.14,21%,193.78,25%,10.99562363238512,-141.42857142857142,433,-239.22
433,242,*04yo6*,Miguel Almiron,NEW,M,243,FA,SOU Sat 10:00AM,100.5,9.14,20%,192.49,19%,10.99562363238512,-141.42857142857142,434,-241.51
434,244,*06ab3*,Lewis Miley,NEW,M,245,FA,SOU Sat 10:00AM,100.0,7.69,0%,1250.0,2%,13.003901170351105,-141.92857142857142,435,815.0
435,269,*06fvn*,Beto,EVE,F,270,FA,BHA Sat 10:00AM,88.5,9.83,2%,414.33,2%,9.003051881993896,-142.14285714285714,436,-21.670000000000016
436,272,*03vll*,Michail Antonio,WHU,F,273,FA,AVL Sat 12:30PM,87.5,7.95,9%,312.29,7%,11.0062893081761,-143.14285714285714,437,-124.70999999999998
437,250,*06oav*,Guido Rodríguez,WHU,M,251,FA,AVL Sat 12:30PM,97.5,6.09,2%,1093.35,3%,16.00985221674877,-144.42857142857142,438,655.3499999999999
438,252,*05t6z*,Tim Iroegbunam,EVE,M,253,FA,BHA Sat 10:00AM,96.0,7.38,1%,1151.16,1%,13.008130081300813,-145.92857142857142,439,712.1600000000001
439,278,*03r8x*,Callum Wilson,NEW,F,279,FA,SOU Sat 10:00AM,84.0,12.0,19%,212.09,24%,7.0,-146.64285714285714,440,-227.91
440,254,*0649i*,Antony,MUN,M,256,FA,FUL Fri 3:00PM,94.5,10.5,12%,277.53,14%,9.0,-147.42857142857142,441,-163.47000000000003
441,255,*052k8*,Tommy Doyle,WOL,M,255,FA,@ARS Sat 10:00AM,94.5,7.27,0%,1250.0,1%,12.998624484181569,-147.42857142857142,442,808.0
442,417,*02xtd*,Sam Johnstone,CRY,G,418,FA,@BRF Sun 9:00AM,5.0,1.25,1%,1123.82,3%,4.0,-148.85714285714286,443,680.8199999999999
443,262,*067ys*,Jack Hinshelwood,BHA,M,263,FA,@EVE Sat 10:00AM,92.0,7.08,0%,1156.8,2%,12.994350282485875,-149.92857142857142,444,712.8
444,265,*068yo*,Kamaldeen Sulemana,SOU,M,266,FA,@NEW Sat 10:00AM,91.5,10.17,2%,409.53,2%,8.997050147492626,-150.42857142857142,445,-35.47000000000003
445,516,*06jgt*,Joe Gauci,AVL,G,514,FA,@WHU Sat 12:30PM,0.0,0.0,0%,1250.0,0%,,-153.85714285714286,446,804.0
446,527,*06exj*,Luca Gunter,TOT,G,524,FA,@LEI Mon 3:00PM,0.0,0.0,0%,1250.0,0%,,-153.85714285714286,447,803.0
447,501,*02lym*,Lukasz Fabianski,WHU,G,501,FA,AVL Sat 12:30PM,0.0,0.0,0%,1250.0,1%,,-153.85714285714286,448,802.0
448,537,*05oz4*,Karl Hein,ARS,G,534,FA,WOL Sat 10:00AM,0.0,0.0,1%,1093.05,0%,,-153.85714285714286,449,644.05
449,440,*06nbr*,Stevie Bausor,LEI,G,441,FA,TOT Mon 3:00PM,0.0,0.0,0%,1093.2,0%,,-153.85714285714286,450,643.2
450,675,*062ds*,Matt Turner,NOT,G,671,FA,BOU Sat 10:00AM,0.0,0.0,1%,1120.15,2%,,-153.85714285714286,451,669.1500000000001
451,648,*02m3v*,John Ruddy,NEW,G,642,FA,SOU Sat 10:00AM,0.0,0.0,0%,1090.8,0%,,-153.85714285714286,452,638.8
452,680,*06jfe*,Hakon Valdimarsson,BRF,G,676,FA,CRY Sun 9:00AM,0.0,0.0,0%,1126.1,1%,,-153.85714285714286,453,673.0999999999999
453,471,*062p6*,Billy Crellin,EVE,G,475,FA,BHA Sat 10:00AM,0.0,0.0,0%,1178.8,0%,,-153.85714285714286,454,724.8
454,446,*02lo6*,Daniel Bentley,WOL,G,447,FA,@ARS Sat 10:00AM,0.0,0.0,0%,1128.8,1%,,-153.85714285714286,455,673.8
455,638,*04amh*,Aaron Ramsdale,ARS,G,633,FA,WOL Sat 10:00AM,0.0,0.0,4%,392.71,4%,,-153.85714285714286,456,-63.29000000000002
456,555,*052i5*,Daniel Iversen,LEI,G,552,FA,TOT Mon 3:00PM,0.0,0.0,0%,1250.0,0%,,-153.85714285714286,457,793.0
457,500,*06on4*,Julian Eyestone,BRF,G,500,W (Tue),CRY Sun 9:00AM,0.0,0.0,0%,1250.0,0%,,-153.85714285714286,458,792.0
458,618,*05osa*,Robin Olsen,AVL,G,615,FA,@WHU Sat 12:30PM,0.0,0.0,0%,1250.0,1%,,-153.85714285714286,459,791.0
459,678,*05rc7*,Harry Tyrer,EVE,G,674,FA,BHA Sat 10:00AM,0.0,0.0,0%,1250.0,0%,,-153.85714285714286,460,790.0
460,529,*06h1g*,Aidan Harris,NEW,G,526,FA,SOU Sat 10:00AM,0.0,0.0,0%,1250.0,0%,,-153.85714285714286,461,789.0
461,444,*06fwn*,Steven Benda,FUL,G,445,FA,@MUN Fri 3:00PM,0.0,0.0,0%,1250.0,0%,,-153.85714285714286,462,788.0
462,571,*06cmt*,Tom King,WOL,G,564,FA,@ARS Sat 10:00AM,0.0,0.0,0%,1250.0,0%,,-153.85714285714286,463,787.0
463,445,*06nvd*,Lewys Benjamin,WOL,G,446,FA,@ARS Sat 10:00AM,0.0,0.0,0%,1114.4,0%,,-153.85714285714286,464,650.4000000000001
464,564,*045ob*,Caoimhin Kelleher,LIV,G,558,FA,@IPS Sat 7:30AM,0.0,0.0,1%,1114.03,2%,,-153.85714285714286,465,649.03
465,581,*061z6*,Mateusz Lis,SOU,G,576,FA,@NEW Sat 10:00AM,0.0,0.0,0%,1250.0,0%,,-153.85714285714286,466,784.0
466,539,*06nyx*,Finlay Herrick,WHU,G,536,FA,AVL Sat 12:30PM,0.0,0.0,0%,1114.0,0%,,-153.85714285714286,467,647.0
467,447,*05uhm*,Lucas Bergstrom,CHE,G,448,FA,MCI Sun 11:30AM,0.0,0.0,0%,1250.0,0%,,-153.85714285714286,468,782.0
468,484,*056as*,William Dennis,BOU,G,485,FA,@NOT Sat 10:00AM,0.0,0.0,0%,1250.0,0%,,-153.85714285714286,469,781.0
469,530,*06ids*,Adam Harrison,NEW,G,527,FA,SOU Sat 10:00AM,0.0,0.0,0%,1250.0,0%,,-153.85714285714286,470,780.0
470,664,*05o6x*,Jakub Stolarczyk,LEI,G,659,FA,TOT Mon 3:00PM,0.0,0.0,0%,1250.0,0%,,-153.85714285714286,471,779.0
471,587,*05uem*,Marcelo Pitaluga,LIV,G,695,FA,@IPS Sat 7:30AM,0.0,0.0,0%,1176.4,0%,,-153.85714285714286,472,704.4000000000001
472,518,*05n09*,Mark Gillespie,NEW,G,516,FA,SOU Sat 10:00AM,0.0,0.0,0%,1250.0,0%,,-153.85714285714286,473,777.0
473,559,*04tsc*,Joao Virginia,EVE,G,609,FA,BHA Sat 10:00AM,0.0,0.0,0%,1074.6,1%,,-153.85714285714286,474,600.5999999999999
474,660,*05uhn*,Cieran Slicker,IPS,G,654,FA,LIV Sat 7:30AM,0.0,0.0,1%,1149.07,0%,,-153.85714285714286,475,674.0699999999999
475,584,*03dyr*,Joe Lumley,SOU,G,579,FA,@NEW Sat 10:00AM,0.0,0.0,0%,1149.8,0%,,-153.85714285714286,476,673.8
476,556,*052ce*,Vitezslav Jaros,LIV,G,553,FA,@IPS Sat 7:30AM,0.0,0.0,0%,1250.0,0%,,-153.85714285714286,477,773.0
477,684,*02t1a*,Danny Ward,LEI,G,679,FA,TOT Mon 3:00PM,0.0,0.0,0%,1042.8,0%,,-153.85714285714286,478,564.8
478,682,*06fxg*,Odysseas Vlachodimos,NEW,G,677,FA,SOU Sat 10:00AM,0.0,0.0,0%,1152.8,0%,,-153.85714285714286,479,673.8
479,508,*02ltw*,Fraser Forster,TOT,G,506,FA,@LEI Mon 3:00PM,0.0,0.0,0%,1250.0,0%,,-153.85714285714286,480,770.0
480,460,*0579j*,Scott Carson,MCI,G,462,FA,@CHE Sun 11:30AM,0.0,0.0,1%,1048.07,0%,,-153.85714285714286,481,567.0699999999999
481,673,*04vy4*,Mark Travers,BOU,G,669,FA,@NOT Sat 10:00AM,0.0,0.0,0%,1155.8,1%,,-153.85714285714286,482,673.8
482,567,*04u40*,Kepa,CHE,G,434,FA,MCI Sun 11:30AM,0.0,0.0,0%,1057.8,1%,,-153.85714285714286,483,574.8
483,448,*02ls8*,Marcus Bettinelli,CHE,G,449,FA,MCI Sun 11:30AM,0.0,0.0,0%,1063.6,0%,,-153.85714285714286,484,579.5999999999999
484,506,*05n0a*,Wes Foderingham,WHU,G,504,FA,AVL Sat 12:30PM,0.0,0.0,0%,1161.2,1%,,-153.85714285714286,485,676.2
485,435,*04gyd*,Brandon Austin,TOT,G,436,FA,@LEI Mon 3:00PM,0.0,0.0,0%,1065.6,0%,,-153.85714285714286,486,579.5999999999999
486,441,*06fx0*,Altay Bayindir,MUN,G,442,FA,FUL Fri 3:00PM,0.0,0.0,0%,1130.1,1%,,-153.85714285714286,487,643.0999999999999
487,694,*06avm*,James Wright,AVL,G,689,W (Tue),@WHU Sat 12:30PM,0.0,0.0,0%,1250.0,0%,,-153.85714285714286,488,762.0
488,494,*04mr4*,Martin Dubravka,NEW,G,494,FA,SOU Sat 10:00AM,0.0,0.0,0%,1139.1,2%,,-153.85714285714286,489,650.0999999999999
489,683,*04fjz*,Christian Walton,IPS,G,678,FA,LIV Sat 7:30AM,0.0,0.0,0%,1250.0,0%,,-153.85714285714286,490,760.0
490,535,*03dwz*,Tom Heaton,MUN,G,532,FA,FUL Fri 3:00PM,0.0,0.0,1%,1084.9,1%,,-153.85714285714286,491,593.9000000000001
491,622,*062cw*,Stefan Ortega Moreno,MCI,G,618,FA,@CHE Sun 11:30AM,0.0,0.0,6%,349.34,7%,,-153.85714285714286,492,-142.66000000000003
492,478,*05rfp*,Harvey Davies,LIV,G,480,FA,@IPS Sat 7:30AM,0.0,0.0,0%,1250.0,0%,,-153.85714285714286,493,757.0
493,688,*048xn*,Alfie Whiteman,TOT,G,683,FA,@LEI Mon 3:00PM,0.0,0.0,0%,1250.0,0%,,-153.85714285714286,494,756.0
494,590,*05ubh*,Remi Matthews,CRY,G,584,FA,@BRF Sun 9:00AM,0.0,0.0,0%,1250.0,0%,,-153.85714285714286,495,755.0
495,649,*062ct*,Carl Rushworth,BHA,G,643,FA,@EVE Sat 10:00AM,0.0,0.0,0%,1250.0,0%,,-153.85714285714286,496,754.0
496,469,*05xtq*,Matthew Cox,BRF,G,473,FA,CRY Sun 9:00AM,0.0,0.0,0%,1250.0,0%,,-153.85714285714286,497,753.0
497,647,*06nkh*,Reggie Rose,BRF,G,641,FA,CRY Sun 9:00AM,0.0,0.0,0%,1250.0,0%,,-153.85714285714286,498,752.0
498,271,*064a1*,Boubacar Traore,WOL,M,272,FA,@ARS Sat 10:00AM,88.0,6.77,0%,1184.53,1%,12.998522895125555,-153.92857142857142,499,685.53
499,293,*06mn0*,Igor Thiago,BRF,F,294,FA,CRY Sun 9:00AM,75.5,8.39,26%,143.65,35%,8.99880810488677,-155.14285714285714,500,-356.35
500,273,*04lax*,Hamza Choudhury,LEI,M,274,FA,TOT Mon 3:00PM,86.0,4.78,0%,1250.0,0%,17.99163179916318,-155.92857142857142,501,749.0
501,275,*037wp*,Christian Eriksen,MUN,M,276,FA,FUL Fri 3:00PM,84.5,9.39,1%,1084.94,1%,8.998935037273695,-157.42857142857142,502,582.94
502,276,*06fxu*,Ibrahim Sangare,NOT,M,277,FA,BOU Sat 10:00AM,84.0,6.46,0%,1155.0,1%,13.003095975232199,-157.92857142857142,503,652.0
503,277,*06mg2*,Jack Taylor,IPS,M,278,FA,LIV Sat 7:30AM,84.0,7.64,0%,1250.0,0%,10.99476439790576,-157.92857142857142,504,746.0
504,285,*037mt*,Harrison Reed,FUL,M,286,FA,@MUN Fri 3:00PM,81.0,6.23,0%,1250.0,1%,13.001605136436597,-160.92857142857142,505,745.0
505,286,*052cc*,Billy Gilmour,BHA,M,287,FA,@EVE Sat 10:00AM,79.0,4.94,2%,393.56,3%,15.991902834008096,-162.92857142857142,506,-112.44
506,309,*061vo*,Jay Stansfield,FUL,F,310,FA,@MUN Fri 3:00PM,67.0,9.57,0%,1250.0,0%,7.001044932079415,-163.64285714285714,507,743.0
507,294,*05y7c*,Archie Gray,TOT,M,295,FA,@LEI Mon 3:00PM,75.0,6.82,18%,216.44,16%,10.997067448680351,-166.92857142857142,508,-291.56
508,323,*06329*,Manor Solomon,TOT,F,324,FA,@LEI Mon 3:00PM,61.0,15.25,6%,339.1,6%,4.0,-169.64285714285714,509,-169.89999999999998
509,300,*02opy*,Adam Lallana,SOU,M,301,FA,@NEW Sat 10:00AM,71.5,5.5,0%,1141.0,1%,13.0,-170.42857142857142,510,631.0
510,305,*06fwi*,Carlos Baleba,BHA,M,306,FA,@EVE Sat 10:00AM,69.5,5.35,0%,1144.1,1%,12.990654205607477,-172.42857142857142,511,633.0999999999999
511,329,*066ni*,Thomas Cannon,LEI,F,330,FA,TOT Mon 3:00PM,57.5,8.21,0%,1250.0,0%,7.003654080389768,-173.14285714285714,512,738.0
512,307,*05ylw*,Rodrigo Bentancur,TOT,M,308,FA,@LEI Mon 3:00PM,68.5,7.61,3%,376.67,4%,9.00131406044678,-173.42857142857142,513,-136.32999999999998
513,312,*066r9*,Ehor Yarmolyuk,BRF,M,313,FA,CRY Sun 9:00AM,66.5,7.39,0%,1090.2,1%,8.998646820027064,-175.42857142857142,514,576.2
514,337,*05t6x*,William Osula,NEW,F,338,W (Tue),SOU Sat 10:00AM,51.5,12.88,1%,1121.5,0%,3.9984472049689437,-179.14285714285714,515,606.5
515,318,*063zi*,Matheus Nunes,MCI,M,319,FA,@CHE Sun 11:30AM,62.5,8.93,1%,1168.73,2%,6.998880179171333,-179.42857142857142,516,652.73
516,316,*05uhq*,Shea Charles,SOU,M,317,FA,@NEW Sat 10:00AM,62.5,5.68,0%,1250.0,0%,11.003521126760564,-179.42857142857142,517,733.0
517,320,*0687c*,Carlos Alcaraz,SOU,M,321,FA,@NEW Sat 10:00AM,61.5,6.83,1%,1127.7,2%,9.004392386530014,-180.42857142857142,518,609.7
518,340,*06mnm*,Marc Guiu,CHE,F,341,FA,MCI Sun 11:30AM,49.0,12.25,6%,353.87,5%,4.0,-181.64285714285714,519,-165.13
519,347,*06exa*,Matheus Franca,CRY,F,347,FA,@BRF Sun 9:00AM,47.0,11.75,1%,1140.31,2%,4.0,-183.64285714285714,520,620.31
520,331,*06mg1*,Marcus Harness,IPS,M,332,FA,LIV Sat 7:30AM,55.0,7.86,0%,1175.1,0%,6.997455470737913,-186.92857142857142,521,654.0999999999999
521,335,*062p0*,Stefan Bajcetic,LIV,M,336,FA,@IPS Sat 7:30AM,52.0,7.43,1%,1113.2,2%,6.998654104979812,-189.92857142857142,522,591.2
522,372,*06mgp*,Luis Guilherme,WHU,F,373,FA,AVL Sat 12:30PM,36.5,12.17,2%,393.84,3%,2.999178307313065,-194.14285714285714,523,-129.16000000000003
523,346,*05re5*,Carney Chukwuemeka,CHE,M,346,FA,MCI Sun 11:30AM,47.0,11.75,0%,1167.8,2%,4.0,-194.92857142857142,524,643.8
524,378,*03dxq*,Danny Ings,WHU,F,379,FA,AVL Sat 12:30PM,35.5,8.88,0%,1183.4,0%,3.997747747747747,-195.14285714285714,525,658.4000000000001
525,351,*03dyl*,Jeffrey Schlupp,CRY,M,352,FA,@BRF Sun 9:00AM,44.0,7.33,1%,1125.73,1%,6.002728512960436,-197.92857142857142,526,599.73
526,356,*05unu*,Romeo Lavia,CHE,M,357,FA,MCI Sun 11:30AM,41.5,4.61,8%,330.72,9%,9.002169197396963,-200.42857142857142,527,-196.27999999999997
527,361,*067yu*,Facundo Buonanotte,LEI,M,362,FA,TOT Mon 3:00PM,40.5,10.12,6%,353.99,7%,4.0019762845849804,-201.42857142857142,528,-174.01
528,364,*06mna*,Enzo Barrenechea,AVL,M,365,FA,@WHU Sat 12:30PM,38.5,5.5,0%,1137.4,0%,7.0,-203.42857142857142,529,608.4000000000001
529,366,*06mn7*,Lucas Bergvall,TOT,M,367,FA,@LEI Mon 3:00PM,37.5,9.38,8%,321.57,10%,3.997867803837953,-204.42857142857142,530,-208.43
530,368,*02lv9*,James Milner,BHA,M,369,FA,@EVE Sat 10:00AM,37.5,9.38,1%,1125.4,1%,3.997867803837953,-204.42857142857142,531,594.4000000000001
531,371,*05w90*,Maxwel Cornet,WHU,M,372,FA,AVL Sat 12:30PM,36.5,9.12,1%,1166.4,0%,4.00219298245614,-205.42857142857142,532,634.4000000000001
532,373,*05r37*,Jakub Moder,BHA,M,374,FA,@EVE Sat 10:00AM,36.5,9.12,0%,1250.0,0%,4.00219298245614,-205.42857142857142,533,717.0
533,381,*062h7*,Tyler Adams,BOU,M,382,FA,@NOT Sat 10:00AM,33.0,8.25,0%,1250.0,1%,4.0,-208.92857142857142,534,716.0
534,390,*06ib6*,Tawanda Chirewa,WOL,M,391,FA,@ARS Sat 10:00AM,26.0,6.5,0%,1250.0,0%,4.0,-215.92857142857142,535,715.0
535,397,*06eo0*,Lesley Ugochukwu,CHE,M,398,FA,MCI Sun 11:30AM,22.5,5.62,0%,1168.8,1%,4.00355871886121,-219.42857142857142,536,632.8
536,403,*04t95*,Oliver Skipp,TOT,M,404,FA,@LEI Mon 3:00PM,19.0,4.75,0%,1250.0,0%,4.0,-222.92857142857142,537,713.0
537,495,*068se*,Jhon Duran,AVL,F,495,FA,@WHU Sat 12:30PM,0.0,0.0,10%,308.13,11%,,-230.64285714285714,538,-229.87
538,464,*05ygj*,Chiquinho,WOL,F,667,FA,@ARS Sat 10:00AM,0.0,0.0,0%,1250.0,0%,,-230.64285714285714,539,711.0
539,651,*04gw7*,Jadon Sancho,MUN,F,645,FA,FUL Fri 3:00PM,0.0,0.0,43%,139.68,42%,,-230.64285714285714,540,-400.32
540,455,*06mg9*,Gerard Buabo,IPS,F,457,FA,LIV Sat 7:30AM,0.0,0.0,0%,1250.0,0%,,-230.64285714285714,541,709.0
541,439,*06iel*,Ty Barnett,WOL,F,440,FA,@ARS Sat 10:00AM,0.0,0.0,0%,1250.0,0%,,-230.64285714285714,542,708.0
542,427,*06byb*,Samuel Amo-Ameyaw,SOU,F,429,FA,@NEW Sat 10:00AM,0.0,0.0,0%,1250.0,0%,,-230.64285714285714,543,707.0
543,476,*06klv*,Jayden Danns,LIV,F,478,FA,@IPS Sat 7:30AM,0.0,0.0,0%,1250.0,1%,,-230.64285714285714,544,706.0
544,449,*05xtt*,Harvey Blair,LIV,F,450,FA,@IPS Sat 7:30AM,0.0,0.0,0%,1250.0,0%,,-230.64285714285714,545,705.0
545,481,*06fum*,Deivid Washington,CHE,F,696,FA,MCI Sun 11:30AM,0.0,0.0,0%,1250.0,1%,,-230.64285714285714,546,704.0
546,652,*06nv6*,Trevan Sanusi,NEW,F,646,FA,SOU Sat 10:00AM,0.0,0.0,0%,1250.0,0%,,-230.64285714285714,547,703.0
547,491,*066nn*,Ben Doak,LIV,F,491,FA,@IPS Sat 7:30AM,0.0,0.0,0%,1250.0,1%,,-230.64285714285714,548,702.0
548,655,*05nip*,Dane Scarlett,TOT,F,649,FA,@LEI Mon 3:00PM,0.0,0.0,0%,1250.0,0%,,-230.64285714285714,549,701.0
549,503,*05o8k*,Fabio Silva,WOL,F,655,FA,@ARS Sat 10:00AM,0.0,0.0,0%,1250.0,0%,,-230.64285714285714,550,700.0
550,499,*06onw*,Johnny Emerson,NEW,F,499,W (Tue),SOU Sat 10:00AM,0.0,0.0,0%,1250.0,0%,,-230.64285714285714,551,699.0
551,658,*062cj*,Abdallah Sima,BHA,F,652,FA,@EVE Sat 10:00AM,0.0,0.0,0%,1250.0,0%,,-230.64285714285714,552,698.0
552,578,*067yw*,Garang Kuol,NEW,F,571,FA,SOU Sat 10:00AM,0.0,0.0,0%,1250.0,0%,,-230.64285714285714,553,697.0
553,583,*02m7x*,Romelu Lukaku,CHE,F,578,FA,MCI Sun 11:30AM,0.0,0.0,3%,391.39,2%,,-230.64285714285714,554,-162.61
554,429,*06dmk*,Angelo,CHE,F,452,FA,MCI Sun 11:30AM,0.0,0.0,0%,1250.0,0%,,-230.64285714285714,555,695.0
555,487,*06exh*,Amadou Diallo,NEW,F,488,FA,SOU Sat 10:00AM,0.0,0.0,0%,1250.0,0%,,-230.64285714285714,556,694.0
556,509,*066j7*,Nathan Fraser,WOL,F,507,FA,@ARS Sat 10:00AM,0.0,0.0,0%,1250.0,0%,,-230.64285714285714,557,693.0
557,493,*066t3*,Jamie Donley,TOT,F,493,FA,@LEI Mon 3:00PM,0.0,0.0,0%,1250.0,1%,,-230.64285714285714,558,692.0
558,623,*06mn1*,Ibrahim Osman,BHA,F,619,FA,@EVE Sat 10:00AM,0.0,0.0,5%,375.08,3%,,-230.64285714285714,559,-183.92000000000002
559,454,*05gvx*,Armando Broja,CHE,F,456,FA,MCI Sun 11:30AM,0.0,0.0,1%,1148.22,1%,,-230.64285714285714,560,588.22
560,653,*05x9k*,Jeremy Sarmiento,BHA,F,647,FA,@EVE Sat 10:00AM,0.0,0.0,2%,1092.6,1%,,-230.64285714285714,561,531.5999999999999
561,473,*06mnd*,Eric da Silva Moreira,NOT,F,694,FA,BOU Sat 10:00AM,0.0,0.0,0%,1112.8,0%,,-230.64285714285714,562,550.8
562,432,*058vb*,Cameron Archer,AVL,F,432,FA,@WHU Sat 12:30PM,0.0,0.0,0%,1133.87,2%,,-230.64285714285714,563,570.8699999999999
563,552,*06cm9*,Hwang Ui-Jo,NOT,F,549,FA,BOU Sat 10:00AM,0.0,0.0,0%,1103.8,0%,,-230.64285714285714,564,539.8
564,511,*046c7*,Freddie Ladapo,IPS,F,572,FA,LIV Sat 7:30AM,0.0,0.0,0%,1111.8,0%,,-230.64285714285714,565,546.8
565,592,*06igf*,Adrian Mazilu,BHA,F,586,FA,@EVE Sat 10:00AM,0.0,0.0,0%,1250.0,0%,,-230.64285714285714,566,684.0
566,589,*06gxa*,Alex Matos,CHE,F,583,FA,MCI Sun 11:30AM,0.0,0.0,0%,1250.0,0%,,-230.64285714285714,567,683.0
567,579,*066t2*,Will Lankshear,TOT,F,573,FA,@LEI Mon 3:00PM,0.0,0.0,0%,1250.0,0%,,-230.64285714285714,568,682.0
568,610,*06exi*,Michael Ndiweni,NEW,F,605,FA,SOU Sat 10:00AM,0.0,0.0,0%,1250.0,0%,,-230.64285714285714,569,681.0
569,619,*068yp*,Paul Onuachu,SOU,F,616,FA,@NEW Sat 10:00AM,0.0,0.0,0%,1250.0,0%,,-230.64285714285714,570,680.0
570,613,*04ge8*,Reiss Nelson,ARS,F,608,FA,WOL Sat 10:00AM,0.0,0.0,1%,1122.49,2%,,-230.64285714285714,571,551.49
571,483,*05tz8*,Emmanuel Dennis,NOT,F,484,FA,BOU Sat 10:00AM,0.0,0.0,0%,1125.8,0%,,-230.64285714285714,572,553.8
572,517,*06l4i*,Tyrique George,CHE,F,515,FA,MCI Sun 11:30AM,0.0,0.0,0%,1250.0,0%,,-230.64285714285714,573,677.0
573,521,*063e8*,Goncalo Guedes,WOL,F,512,FA,@ARS Sat 10:00AM,0.0,0.0,0%,1250.0,0%,,-230.64285714285714,574,676.0
574,562,*06492*,Sasa Kalajdzic,WOL,F,556,FA,@ARS Sat 10:00AM,0.0,0.0,0%,1250.0,0%,,-230.64285714285714,575,675.0
575,603,*06c6g*,Yankuba Minteh,BHA,F,597,FA,@EVE Sat 10:00AM,0.0,0.0,58%,120.71,66%,,-230.64285714285714,576,-455.29
576,522,*06fwo*,Enso Gonzalez,WOL,F,519,FA,@ARS Sat 10:00AM,0.0,0.0,0%,1250.0,0%,,-230.64285714285714,577,673.0
577,523,*05uhl*,Kaide Gordon,LIV,F,520,FA,@IPS Sat 7:30AM,0.0,0.0,0%,1250.0,0%,,-230.64285714285714,578,672.0
578,459,*05opn*,Carlos Vinicius,FUL,F,427,FA,@MUN Fri 3:00PM,0.0,0.0,0%,1136.6,0%,,-230.64285714285714,579,557.5999999999999
579,679,*06kk4*,Franco Umeh-Chibueze,CRY,F,675,FA,@BRF Sun 9:00AM,0.0,0.0,0%,1160.8,0%,,-230.64285714285714,580,580.8
580,456,*066sm*,Mason Burstow,CHE,F,458,FA,MCI Sun 11:30AM,0.0,0.0,0%,1139.8,0%,,-230.64285714285714,581,558.8
581,515,*06igy*,Joe Gardner,NOT,F,513,FA,BOU Sat 10:00AM,0.0,0.0,0%,1153.8,0%,,-230.64285714285714,582,571.8
582,507,*067z4*,David Datro Fofana,CHE,F,505,FA,MCI Sun 11:30AM,0.0,0.0,1%,1140.7,1%,,-230.64285714285714,583,557.7
583,540,*06nlc*,Reigan Heskey,MCI,F,537,FA,@CHE Sun 11:30AM,0.0,0.0,0%,1150.4,0%,,-230.64285714285714,584,566.4000000000001
584,431,*061vk*,Jaidon Anthony,BOU,F,431,FA,@NOT Sat 10:00AM,0.0,0.0,0%,1141.8,0%,,-230.64285714285714,585,556.8
585,438,*06fwk*,Emilio Ballard-Matthews,WOL,F,439,FA,@ARS Sat 10:00AM,0.0,0.0,0%,1101.8,0%,,-230.64285714285714,586,515.8
586,465,*06kwf*,Leon Chiwome,WOL,F,469,FA,@ARS Sat 10:00AM,0.0,0.0,0%,1250.0,0%,,-230.64285714285714,587,663.0
587,591,*056mf*,Neal Maupay,EVE,F,585,FA,BHA Sat 10:00AM,0.0,0.0,0%,1144.1,1%,,-230.64285714285714,588,556.0999999999999
588,605,*06mwz*,Iwan Morgan,BRF,F,600,FA,CRY Sun 9:00AM,0.0,0.0,0%,1250.0,0%,,-230.64285714285714,589,661.0
589,425,*02lkt*,Ali Al Habsi,IPS,F,426,FA,LIV Sat 7:30AM,0.0,0.0,1%,1088.8,1%,,-230.64285714285714,590,498.79999999999995
590,665,*06gx9*,Ronnie Stutter,CHE,F,660,FA,MCI Sun 11:30AM,0.0,0.0,0%,1250.0,0%,,-230.64285714285714,591,659.0
591,625,*06ex1*,Ben Parkinson,NEW,F,621,FA,SOU Sat 10:00AM,0.0,0.0,0%,1250.0,0%,,-230.64285714285714,592,658.0
592,575,*06do4*,Louie Koumas,LIV,F,568,FA,@IPS Sat 7:30AM,0.0,0.0,0%,1078.2,0%,,-230.64285714285714,593,485.20000000000005
593,505,*06nvg*,Joao Pedro Ferreira da Silva,NOT,F,503,FA,BOU Sat 10:00AM,0.0,0.0,2%,1077.83,2%,,-230.64285714285714,594,483.8299999999999
594,553,*06mnb*,Samuel Iling-Junior,AVL,F,550,FA,@WHU Sat 12:30PM,0.0,0.0,1%,1093.4,1%,,-230.64285714285714,595,498.4000000000001
595,588,*06kz9*,Roshaun Mathurin,CRY,F,582,FA,@BRF Sun 9:00AM,0.0,0.0,0%,1097.4,0%,,-230.64285714285714,596,501.4000000000001
596,546,*06kx6*,Fletcher Holman,WOL,F,543,FA,@ARS Sat 10:00AM,0.0,0.0,0%,1250.0,0%,,-230.64285714285714,597,653.0
597,659,*05y5c*,Kamarai Simon-Swyer,WHU,F,653,FA,AVL Sat 12:30PM,0.0,0.0,0%,1043.2,0%,,-230.64285714285714,598,445.20000000000005
598,489,*06cmd*,Diego Moreira,CHE,F,693,FA,MCI Sun 11:30AM,0.0,0.0,0%,1100.8,0%,,-230.64285714285714,599,501.79999999999995
599,601,*061y9*,Alex Mighten,NOT,F,595,FA,BOU Sat 10:00AM,0.0,0.0,0%,1250.0,0%,,-230.64285714285714,600,650.0
600,573,*06nz0*,Gideon Kodua,WHU,F,566,FA,AVL Sat 12:30PM,0.0,0.0,0%,1250.0,0%,,-230.64285714285714,601,649.0
601,663,*06mgm*,Ross Stewart,SOU,F,658,FA,@NEW Sat 10:00AM,0.0,0.0,0%,1250.0,0%,,-230.64285714285714,602,648.0
602,551,*06exf*,James Huntley,NEW,M,548,FA,SOU Sat 10:00AM,0.0,0.0,0%,1250.0,0%,,-241.92857142857142,603,647.0
603,467,*06crn*,Toby Collyer,MUN,M,471,W (Tue),FUL Fri 3:00PM,0.0,0.0,0%,1250.0,1%,,-241.92857142857142,604,646.0
604,472,*052k1*,Luke Cundle,WOL,M,476,FA,@ARS Sat 10:00AM,0.0,0.0,0%,1250.0,0%,,-241.92857142857142,605,645.0
605,541,*062z5*,Joseph Hodge,WOL,M,538,FA,@ARS Sat 10:00AM,0.0,0.0,0%,1250.0,0%,,-241.92857142857142,606,644.0
606,468,*062om*,Brandon Cover,LEI,M,472,FA,TOT Mon 3:00PM,0.0,0.0,0%,1250.0,0%,,-241.92857142857142,607,643.0
607,533,*035mq*,Isaac Hayden,NEW,M,530,FA,SOU Sat 10:00AM,0.0,0.0,0%,1250.0,0%,,-241.92857142857142,608,642.0
608,528,*06lvm*,Tyrese Hall,TOT,M,525,FA,@LEI Mon 3:00PM,0.0,0.0,0%,1250.0,0%,,-241.92857142857142,609,641.0
609,565,*06nyz*,Patrick Kelly,WHU,M,559,FA,AVL Sat 12:30PM,0.0,0.0,0%,1250.0,0%,,-241.92857142857142,610,640.0
610,433,*06onv*,Harrison Armstrong,EVE,M,433,W (Tue),BHA Sat 10:00AM,0.0,0.0,0%,1250.0,0%,,-241.92857142857142,611,639.0
611,574,*06ils*,Yunus Konak,BRF,M,567,FA,CRY Sun 9:00AM,0.0,0.0,0%,1250.0,0%,,-241.92857142857142,612,638.0
612,566,*06dpv*,Omari Kellyman,CHE,M,560,FA,MCI Sun 11:30AM,0.0,0.0,0%,1250.0,1%,,-241.92857142857142,613,637.0
613,430,*059j0*,Faustino Anjorin,CHE,M,430,W (Tue),MCI Sun 11:30AM,0.0,0.0,0%,1250.0,0%,,-241.92857142857142,614,636.0
614,548,*04f6o*,Will Hughes,CRY,M,545,FA,@BRF Sun 9:00AM,0.0,0.0,0%,1250.0,0%,,-241.92857142857142,615,635.0
615,474,*06clv*,Mahmoud Dahoud,BHA,M,477,FA,@EVE Sat 10:00AM,0.0,0.0,0%,1250.0,0%,,-241.92857142857142,616,634.0
616,569,*057a1*,Gavin Kilkenny,BOU,M,562,FA,@NOT Sat 10:00AM,0.0,0.0,0%,1250.0,0%,,-241.92857142857142,617,633.0
617,526,*062z6*,Harvey Griffiths,WOL,M,523,FA,@ARS Sat 10:00AM,0.0,0.0,0%,1250.0,0%,,-241.92857142857142,618,632.0
618,477,*048xg*,Josh Dasilva,BRF,M,479,FA,CRY Sun 9:00AM,0.0,0.0,0%,1250.0,0%,,-241.92857142857142,619,631.0
619,513,*063u9*,Remo Freuler,NOT,M,510,FA,BOU Sat 10:00AM,0.0,0.0,0%,1250.0,0%,,-241.92857142857142,620,630.0
620,466,*062p2*,Bobby Clark,LIV,M,470,FA,@IPS Sat 7:30AM,0.0,0.0,0%,1250.0,0%,,-241.92857142857142,621,629.0
621,545,*06mww*,Isaac Holland,BRF,M,542,FA,CRY Sun 9:00AM,0.0,0.0,0%,1250.0,0%,,-241.92857142857142,622,628.0
622,538,*06jfq*,Travis Hernes,NEW,M,535,FA,SOU Sat 10:00AM,0.0,0.0,0%,1250.0,0%,,-241.92857142857142,623,627.0
623,510,*03r8r*,Ryan Fraser,NEW,M,508,FA,SOU Sat 10:00AM,0.0,0.0,0%,1250.0,0%,,-241.92857142857142,624,626.0
624,554,*06kyx*,Andy Irving,WHU,M,551,FA,AVL Sat 12:30PM,0.0,0.0,0%,1250.0,0%,,-241.92857142857142,625,625.0
625,604,*06lox*,Mikey Moore,TOT,M,598,FA,@LEI Mon 3:00PM,0.0,0.0,2%,1074.95,2%,,-241.92857142857142,626,448.95000000000005
626,461,*0641g*,Cesare Casadei,CHE,M,464,FA,MCI Sun 11:30AM,0.0,0.0,0%,1250.0,0%,,-241.92857142857142,627,623.0
627,614,*06hze*,Treymaurice Nyoni,LIV,M,610,FA,@IPS Sat 7:30AM,0.0,0.0,0%,1250.0,1%,,-241.92857142857142,628,622.0
628,633,*05n03*,Kalvin Phillips,MCI,M,628,FA,@CHE Sun 11:30AM,0.0,0.0,0%,1169.8,1%,,-241.92857142857142,629,540.8
629,629,*05ou8*,Facundo Pellistri,MUN,M,624,FA,FUL Fri 3:00PM,0.0,0.0,0%,1170.4,0%,,-241.92857142857142,630,540.4000000000001
630,672,*068yr*,Hamed Traore,BOU,M,668,FA,@NOT Sat 10:00AM,0.0,0.0,0%,1171.4,0%,,-241.92857142857142,631,540.4000000000001
631,436,*068yc*,Yasin Ayari,BHA,M,437,FA,@EVE Sat 10:00AM,0.0,0.0,0%,1172.8,1%,,-241.92857142857142,632,540.8
632,519,*06nbs*,Harvey Godsmark-Ford,LEI,M,517,FA,TOT Mon 3:00PM,0.0,0.0,0%,1173.8,0%,,-241.92857142857142,633,540.8
633,475,*05gcq*,Daniel Podence,WOL,M,466,FA,@ARS Sat 10:00AM,0.0,0.0,0%,1181.8,0%,,-241.92857142857142,634,547.8
634,616,*06l53*,Temple Ojinnaka,WOL,M,613,FA,@ARS Sat 10:00AM,0.0,0.0,0%,1250.0,0%,,-241.92857142857142,635,615.0
635,582,*0574a*,Giovani Lo Celso,TOT,M,577,FA,@LEI Mon 3:00PM,0.0,0.0,1%,1126.5,1%,,-241.92857142857142,636,490.5
636,621,*066iz*,Lewis Orford,WHU,M,617,FA,AVL Sat 12:30PM,0.0,0.0,0%,1250.0,0%,,-241.92857142857142,637,613.0
637,620,*067x8*,Nico O'Reilly,MCI,M,611,W (Tue),@CHE Sun 11:30AM,0.0,0.0,0%,1250.0,0%,,-241.92857142857142,638,612.0
638,602,*06ex0*,Jamie Miley,NEW,M,596,FA,SOU Sat 10:00AM,0.0,0.0,0%,1250.0,0%,,-241.92857142857142,639,611.0
639,596,*06ivf*,Jamie McDonnell,NOT,M,589,FA,BOU Sat 10:00AM,0.0,0.0,0%,1250.0,0%,,-241.92857142857142,640,610.0
640,597,*06mwx*,Conor McManus,BRF,M,590,FA,CRY Sun 9:00AM,0.0,0.0,0%,1250.0,0%,,-241.92857142857142,641,609.0
641,599,*05t6y*,Hannibal Mejbri,MUN,M,593,FA,FUL Fri 3:00PM,0.0,0.0,0%,1250.0,0%,,-241.92857142857142,642,608.0
642,531,*06nv5*,Alfie Harrison,NEW,M,528,FA,SOU Sat 10:00AM,0.0,0.0,0%,1154.0,0%,,-241.92857142857142,643,511.0
643,470,*064oo*,Amario Cozier-Duberry,BHA,M,474,FA,@EVE Sat 10:00AM,0.0,0.0,1%,1125.55,1%,,-241.92857142857142,644,481.54999999999995
644,624,*06mwu*,Riley Owen,BRF,M,620,FA,CRY Sun 9:00AM,0.0,0.0,0%,1250.0,0%,,-241.92857142857142,645,605.0
645,662,*06nl8*,Luca Stephenson,LIV,M,657,FA,@IPS Sat 7:30AM,0.0,0.0,0%,1052.4,0%,,-241.92857142857142,646,406.4000000000001
646,514,*051k8*,Conor Gallagher,CHE,M,511,FA,MCI Sun 11:30AM,0.0,0.0,68%,102.49,56%,,-241.92857142857142,647,-544.51
647,502,*05ojf*,Fabio Carvalho,LIV,M,463,FA,@IPS Sat 7:30AM,0.0,0.0,16%,235.21,30%,,-241.92857142857142,648,-412.78999999999996
648,626,*05os9*,Thomas Partey,ARS,M,622,FA,WOL Sat 10:00AM,0.0,0.0,8%,324.22,7%,,-241.92857142857142,649,-324.78
649,594,*05uhs*,James Mcatee,MCI,M,591,FA,@CHE Sun 11:30AM,0.0,0.0,3%,398.59,4%,,-241.92857142857142,650,-251.41000000000003
650,437,*06mg5*,Leon Ayinde,IPS,M,438,FA,LIV Sat 7:30AM,0.0,0.0,0%,1028.8,0%,,-241.92857142857142,651,377.79999999999995
651,586,*05xts*,Wanya Marcal-Madivadua,LEI,M,581,FA,TOT Mon 3:00PM,0.0,0.0,0%,1038.1,0%,,-241.92857142857142,652,386.0999999999999
652,550,*06mg4*,Cameron Humphreys,IPS,M,547,FA,LIV Sat 7:30AM,0.0,0.0,0%,1054.8,0%,,-241.92857142857142,653,401.79999999999995
653,595,*06do3*,James McConnell,LIV,M,588,FA,@IPS Sat 7:30AM,0.0,0.0,0%,1124.8,0%,,-241.92857142857142,654,470.79999999999995
654,585,*04tsf*,Paris Maghoma,BRF,M,580,FA,CRY Sun 9:00AM,0.0,0.0,0%,1066.6,0%,,-241.92857142857142,655,411.5999999999999
655,695,*06msb*,Malick Yalcouye,BHA,M,690,FA,@EVE Sat 10:00AM,0.0,0.0,0%,1079.4,0%,,-241.92857142857142,656,423.4000000000001
656,657,*02lkm*,Jonjo Shelvey,NOT,M,651,FA,BOU Sat 10:00AM,0.0,0.0,0%,1097.8,0%,,-241.92857142857142,657,440.79999999999995
657,637,*05rjn*,Jesurun Rak-Sakyi,CRY,M,632,FA,@BRF Sun 9:00AM,0.0,0.0,2%,1101.76,1%,,-241.92857142857142,658,443.76
658,520,*06igr*,Michael Golding,LEI,M,518,FA,TOT Mon 3:00PM,0.0,0.0,0%,1116.8,0%,,-241.92857142857142,659,457.79999999999995
659,524,*066rn*,Daniel Gore,MUN,M,521,W (Tue),FUL Fri 3:00PM,0.0,0.0,0%,1121.8,0%,,-241.92857142857142,660,461.79999999999995
660,600,*06idw*,Jenson Metcalfe,EVE,M,594,FA,BHA Sat 10:00AM,0.0,0.0,0%,1250.0,0%,,-241.92857142857142,661,589.0
661,606,*05uhk*,Tyler Morton,LIV,M,601,FA,@IPS Sat 7:30AM,0.0,0.0,0%,1250.0,0%,,-241.92857142857142,662,588.0
662,457,*05a6j*,Chem Campbell,WOL,M,459,FA,@ARS Sat 10:00AM,0.0,0.0,0%,1250.0,0%,,-241.92857142857142,663,587.0
663,496,*06dmn*,George Earthy,WHU,M,496,FA,AVL Sat 12:30PM,0.0,0.0,0%,1250.0,1%,,-241.92857142857142,664,586.0
664,485,*06kx1*,Justin Devenny,CRY,M,486,FA,@BRF Sun 9:00AM,0.0,0.0,0%,1250.0,0%,,-241.92857142857142,665,585.0
665,486,*05nio*,Alfie Devine,TOT,M,487,FA,@LEI Mon 3:00PM,0.0,0.0,0%,1250.0,0%,,-241.92857142857142,666,584.0
666,488,*06195*,Tyler Dibling,SOU,M,489,FA,@NEW Sat 10:00AM,0.0,0.0,0%,1250.0,0%,,-241.92857142857142,667,583.0
667,428,*05vyh*,Andy Moran,BHA,M,599,FA,@EVE Sat 10:00AM,0.0,0.0,0%,1250.0,0%,,-241.92857142857142,668,582.0
668,426,*05ye6*,Will Alves,LEI,M,428,FA,TOT Mon 3:00PM,0.0,0.0,0%,1250.0,0%,,-241.92857142857142,669,581.0
669,424,*068ys*,Naouirou Ahamada,CRY,M,425,FA,@BRF Sun 9:00AM,0.0,0.0,0%,1250.0,0%,,-241.92857142857142,670,580.0
670,423,*06nvc*,Asher Agbinone,CRY,M,424,FA,@BRF Sun 9:00AM,0.0,0.0,0%,1250.0,0%,,-241.92857142857142,671,579.0
671,646,*062oi*,Kaden Rodney,CRY,M,640,FA,@BRF Sun 9:00AM,0.0,0.0,0%,1250.0,0%,,-241.92857142857142,672,578.0
672,504,*06jgk*,Romain Faivre,BOU,M,502,FA,@NOT Sat 10:00AM,0.0,0.0,0%,1250.0,1%,,-241.92857142857142,673,577.0
673,420,*06awq*,George Abbott,TOT,M,421,FA,@LEI Mon 3:00PM,0.0,0.0,0%,1250.0,0%,,-241.92857142857142,674,576.0
674,479,*05zd7*,Lucas De Bolle,NEW,M,481,FA,SOU Sat 10:00AM,0.0,0.0,0%,1250.0,0%,,-241.92857142857142,675,575.0
675,451,*06cm7*,Josh Bowler,NOT,M,453,FA,BOU Sat 10:00AM,0.0,0.0,0%,1250.0,0%,,-241.92857142857142,676,574.0
676,452,*05ye5*,Sammy Braybrooke,LEI,M,454,FA,TOT Mon 3:00PM,0.0,0.0,0%,1250.0,0%,,-241.92857142857142,677,573.0
677,453,*06mgc*,Logan Briggs,LEI,M,455,FA,TOT Mon 3:00PM,0.0,0.0,0%,1250.0,0%,,-241.92857142857142,678,572.0
678,482,*04u6i*,Leander Dendoncker,AVL,M,483,FA,@WHU Sat 12:30PM,0.0,0.0,0%,1250.0,0%,,-241.92857142857142,679,571.0
679,642,*06mry*,Renato Veiga,CHE,M,692,FA,MCI Sun 11:30AM,0.0,0.0,0%,1250.0,0%,,-241.92857142857142,680,570.0
680,607,*06on6*,Anthony Munda,NEW,M,602,W (Tue),SOU Sat 10:00AM,0.0,0.0,0%,1250.0,0%,,-241.92857142857142,681,569.0
681,686,*05ye4*,Jack Wells-Morrison,CRY,M,681,FA,@BRF Sun 9:00AM,0.0,0.0,0%,1250.0,0%,,-241.92857142857142,682,568.0
682,609,*06kud*,Amara Nallo,LIV,M,604,FA,@IPS Sat 7:30AM,0.0,0.0,0%,1250.0,0%,,-241.92857142857142,683,567.0
683,636,*05y5b*,Freddie Potts,WHU,M,631,FA,AVL Sat 12:30PM,0.0,0.0,0%,1250.0,0%,,-241.92857142857142,684,566.0
684,627,*05nuf*,Myles Peart-Harris,BRF,M,623,FA,CRY Sun 9:00AM,0.0,0.0,0%,1250.0,0%,,-241.92857142857142,685,565.0
685,674,*0643w*,Ryan Trevitt,BRF,M,670,FA,CRY Sun 9:00AM,0.0,0.0,0%,1250.0,0%,,-241.92857142857142,686,564.0
686,676,*06ewz*,Jay Turner-Cooke,NEW,M,672,FA,SOU Sat 10:00AM,0.0,0.0,0%,1250.0,0%,,-241.92857142857142,687,563.0
687,685,*05r4z*,Jensen Weir,BHA,M,680,FA,@EVE Sat 10:00AM,0.0,0.0,0%,1250.0,0%,,-241.92857142857142,688,562.0
688,687,*05wqy*,Joe White,NEW,M,682,FA,SOU Sat 10:00AM,0.0,0.0,0%,1250.0,0%,,-241.92857142857142,689,561.0
689,640,*062dm*,Jadan Raymond,CRY,M,635,FA,@BRF Sun 9:00AM,0.0,0.0,0%,1250.0,0%,,-241.92857142857142,690,560.0
690,689,*06ib5*,Matthew Whittingham,WOL,M,684,FA,@ARS Sat 10:00AM,0.0,0.0,0%,1250.0,0%,,-241.92857142857142,691,559.0
691,661,*06mgi*,Ellis Stanton,NEW,M,656,FA,SOU Sat 10:00AM,0.0,0.0,0%,1250.0,0%,,-241.92857142857142,692,558.0
692,630,*068sf*,Maximo Perrone,MCI,M,625,FA,@CHE Sun 11:30AM,0.0,0.0,0%,1250.0,0%,,-241.92857142857142,693,557.0
693,631,*06451*,Cameron Peupion,BHA,M,626,FA,@EVE Sat 10:00AM,0.0,0.0,0%,1250.0,0%,,-241.92857142857142,694,556.0
694,634,*062dl*,Killian Phillips,CRY,M,629,FA,@BRF Sun 9:00AM,0.0,0.0,0%,1250.0,0%,,-241.92857142857142,695,555.0
695,639,*06nve*,Luke Rawlings,WOL,M,634,FA,@ARS Sat 10:00AM,0.0,0.0,0%,1250.0,0%,,-241.92857142857142,696,554.0
696,696,*06mwv*,Tony Yogane,BRF,M,691,FA,CRY Sun 9:00AM,0.0,0.0,0%,1250.0,0%,,-241.92857142857142,697,553.0
